"stim_left","stim_right","audio","stim_lev","vol","left","right","stim","Hz","categorie","Setting_loop.thisRepN","Setting_loop.thisTrialN","Setting_loop.thisN","Setting_loop.thisIndex","Text_loop.thisRepN","Text_loop.thisTrialN","Text_loop.thisN","Text_loop.thisIndex","Br_distance_loop.thisRepN","Br_distance_loop.thisTrialN","Br_distance_loop.thisN","Br_distance_loop.thisIndex","Training_loop.thisRepN","Training_loop.thisTrialN","Training_loop.thisN","Training_loop.thisIndex","Training_trials_loop.thisRepN","Training_trials_loop.thisTrialN","Training_trials_loop.thisN","Training_trials_loop.thisIndex","Stimulation_loop.thisRepN","Stimulation_loop.thisTrialN","Stimulation_loop.thisN","Stimulation_loop.thisIndex","Stimulation_level_loop.thisRepN","Stimulation_level_loop.thisTrialN","Stimulation_level_loop.thisN","Stimulation_level_loop.thisIndex","Match_level_loop.thisRepN","Match_level_loop.thisTrialN","Match_level_loop.thisN","Match_level_loop.thisIndex","Block_ab_loop.thisRepN","Block_ab_loop.thisTrialN","Block_ab_loop.thisN","Block_ab_loop.thisIndex","Istr_nh_loop.thisRepN","Istr_nh_loop.thisTrialN","Istr_nh_loop.thisN","Istr_nh_loop.thisIndex","Trials_nh_loop.thisRepN","Trials_nh_loop.thisTrialN","Trials_nh_loop.thisN","Trials_nh_loop.thisIndex","Istr_nb_loop.thisRepN","Istr_nb_loop.thisTrialN","Istr_nb_loop.thisN","Istr_nb_loop.thisIndex","Trials_nb_loop.thisRepN","Trials_nb_loop.thisTrialN","Trials_nb_loop.thisN","Trials_nb_loop.thisIndex","Block_cd_loop.thisRepN","Block_cd_loop.thisTrialN","Block_cd_loop.thisN","Block_cd_loop.thisIndex","Istr_hn_loop.thisRepN","Istr_hn_loop.thisTrialN","Istr_hn_loop.thisN","Istr_hn_loop.thisIndex","Trials_hn_loop.thisRepN","Trials_hn_loop.thisTrialN","Trials_hn_loop.thisN","Trials_hn_loop.thisIndex","Istr_bn_loop.thisRepN","Istr_bn_loop.thisTrialN","Istr_bn_loop.thisN","Istr_bn_loop.thisIndex","Trials_bn_loop.thisRepN","Trials_bn_loop.thisTrialN","Trials_bn_loop.thisN","Trials_bn_loop.thisIndex","Arousal_loop.thisRepN","Arousal_loop.thisTrialN","Arousal_loop.thisN","Arousal_loop.thisIndex","Valence_loop.thisRepN","Valence_loop.thisTrialN","Valence_loop.thisN","Valence_loop.thisIndex","thisRow.t","notes","SETTING.started","SETTING.stopped","R_SET.started","R_SET.stopped","L_SET.started","L_SET.stopped","TEXT_SET.started","TEXT_SET.stopped","position.left","position.right","BR_SET.started","BR_SET.stopped","ISTR_TRAINING.started","ISTR_TRAINING.stopped","FIXATION.started","FIXATION.stopped","TRIAL_TRAINING.started","trial_training_l_img.started","trial_training_r_img.started","trial_training_kb.started","trial_training_l_img.stopped","trial_training_r_img.stopped","trial_training_kb.stopped","TRIAL_TRAINING.stopped","trial_training_kb.keys","trial_training_kb.rt","trial_training_kb.duration","BLACK_SCREEN.started","BLACK_SCREEN.stopped","extra_training.started","extra_training_kb.started","extra_training.stopped","extra_training_kb.keys","extra_training_kb.rt","extra_training_kb.duration","FACIAL_STIMULATION.started","FACIAL_STIMULATION.stopped","STIMULATION_LEVEL.started","stimulation_level_wav.started","stimulation_level_wav.stopped","STIMULATION_LEVEL.stopped","PAUSE.started","pause_txt.started","pause_txt.stopped","PAUSE.stopped","NEUTRAL_MATCHING.started","NEUTRAL_MATCHING.stopped","MATCH_LEVEL.started","match_level_wav.started","match_level_wav.stopped","MATCH_LEVEL.stopped","amplitude_5hz","EXPERIMENT.started","EXPERIMENT.stopped","ISTR_NB.started","ISTR_NB.stopped","TRIALS.started","trial_r_img.started","trial_l_img.started","trial_kb.started","trial_wav.started","trial_r_img.stopped","trial_l_img.stopped","trial_kb.stopped","TRIALS.stopped","trial_kb.keys","trial_kb.rt","trial_kb.duration","SWITCH.started","SWITCH.stopped","BREAK.started","half_break_left.started","kb_half_break.started","BREAK.stopped","kb_half_break.keys","kb_half_break.rt","kb_half_break.duration","ISTR_NH.started","nh_r_img.started","nh_l_img.started","ISTR_NH.stopped","ISTR_BN.started","img_bn_right.started","img_bn_left.started","ISTR_BN.stopped","ISTR_HN.started","img_hn_right.started","img_hn_left.started","ISTR_HN.stopped","ISTR_AROUSAL.started","ISTR_AROUSAL.stopped","EVALUATION.started","evaluation_l_img.started","evaluation_r_img.started","evaluation_kb.started","evaluation_wav.started","EVALUATION.stopped","evaluation_kb.keys","evaluation_kb.rt","evaluation_kb.duration","ISTR_VALENCE.started","ISTR_VALENCE.stopped","END.started","END.stopped","participant","session","practice","setting","date","expName","psychopyVersion","frameRate","expStart","X"
"images/NF.png","images/NM.png","","",NA,"","",NA,NA,NA,NA,NA,NA,NA,NA,NA,NA,NA,NA,NA,NA,NA,0,0,0,0,0,0,0,1,NA,NA,NA,NA,NA,NA,NA,NA,NA,NA,NA,NA,NA,NA,NA,NA,NA,NA,NA,NA,NA,NA,NA,NA,NA,NA,NA,NA,NA,NA,NA,NA,NA,NA,NA,NA,NA,NA,NA,NA,NA,NA,NA,NA,NA,NA,NA,NA,NA,NA,NA,NA,NA,NA,NA,NA,NA,NA,NA,NA,166.858764487,NA,0.0113840120000077,0.0121568729998671,0.0137028609999561,17.8672013379999,17.8672527159999,21.4084658699999,51.8351197099998,107.466600336,-4.6,4.6,107.647878522,120.932523136,120.933524906,166.817145118,166.829832112,169.852106935,169.852127176,169.904716641,169.904716641,169.904716641,199.90776646,199.90776646,199.90776646,199.900509471,"['l', 'j']","[2.6645199839999805, 28.64537324700018]","[None, None]",199.901258194,201.893913185,NA,NA,NA,"",NA,"",NA,NA,NA,NA,NA,NA,NA,NA,NA,NA,NA,NA,NA,NA,NA,NA,NA,NA,NA,NA,NA,NA,NA,NA,NA,NA,NA,NA,NA,NA,"","","",NA,NA,NA,NA,NA,NA,"",NA,"",NA,NA,NA,NA,NA,NA,NA,NA,NA,NA,NA,NA,NA,NA,NA,NA,NA,NA,NA,NA,NA,NA,"",NA,NA,NA,NA,1,1,1,1,"2024-01-18_11h34.09.566","VR_setting","2023.2.3",NA,"2024-01-18 11h34.20.546445 +0100",NA
"images/NM.png","images/NF.png","","",NA,"","",NA,NA,NA,NA,NA,NA,NA,NA,NA,NA,NA,NA,NA,NA,NA,0,0,0,0,0,1,1,0,NA,NA,NA,NA,NA,NA,NA,NA,NA,NA,NA,NA,NA,NA,NA,NA,NA,NA,NA,NA,NA,NA,NA,NA,NA,NA,NA,NA,NA,NA,NA,NA,NA,NA,NA,NA,NA,NA,NA,NA,NA,NA,NA,NA,NA,NA,NA,NA,NA,NA,NA,NA,NA,NA,NA,NA,NA,NA,NA,NA,201.902663508,NA,NA,NA,NA,NA,NA,NA,NA,NA,NA,NA,NA,NA,NA,NA,201.894326124,204.89287972,204.892901197,204.93230127,204.93230127,204.93230127,234.924481239,234.924481239,234.924481239,234.917969157,"['j', 'k', 'j']","[2.3078021230001013, 16.11828541, 22.749344083000096]","[None, None, None]",234.918420699,236.917660522,NA,NA,NA,"",NA,"",NA,NA,NA,NA,NA,NA,NA,NA,NA,NA,NA,NA,NA,NA,NA,NA,NA,NA,NA,NA,NA,NA,NA,NA,NA,NA,NA,NA,NA,NA,"","","",NA,NA,NA,NA,NA,NA,"",NA,"",NA,NA,NA,NA,NA,NA,NA,NA,NA,NA,NA,NA,NA,NA,NA,NA,NA,NA,NA,NA,NA,NA,"",NA,NA,NA,NA,1,1,1,1,"2024-01-18_11h34.09.566","VR_setting","2023.2.3",NA,"2024-01-18 11h34.20.546445 +0100",NA
"images/NF.png","images/NM.png","","",NA,"","",NA,NA,NA,NA,NA,NA,NA,NA,NA,NA,NA,NA,NA,NA,NA,0,0,0,0,1,0,2,1,NA,NA,NA,NA,NA,NA,NA,NA,NA,NA,NA,NA,NA,NA,NA,NA,NA,NA,NA,NA,NA,NA,NA,NA,NA,NA,NA,NA,NA,NA,NA,NA,NA,NA,NA,NA,NA,NA,NA,NA,NA,NA,NA,NA,NA,NA,NA,NA,NA,NA,NA,NA,NA,NA,NA,NA,NA,NA,NA,NA,236.924966631,NA,NA,NA,NA,NA,NA,NA,NA,NA,NA,NA,NA,NA,NA,NA,236.918010215,239.916629664,239.916649501,239.936931695,239.936931695,239.936931695,269.937258086,269.937258086,269.937258086,269.92556301,"['l', 'k', 'l', 'j', 'l', 'j']","[1.8207796690001032, 13.146782147000067, 16.28014002200007, 21.787626802999966, 23.138892084999952, 27.159331289999955]","[None, None, None, None, None, None]",269.926011326,271.925102316,NA,NA,NA,"",NA,"",NA,NA,NA,NA,NA,NA,NA,NA,NA,NA,NA,NA,NA,NA,NA,NA,NA,NA,NA,NA,NA,NA,NA,NA,NA,NA,NA,NA,NA,NA,"","","",NA,NA,NA,NA,NA,NA,"",NA,"",NA,NA,NA,NA,NA,NA,NA,NA,NA,NA,NA,NA,NA,NA,NA,NA,NA,NA,NA,NA,NA,NA,"",NA,NA,NA,NA,1,1,1,1,"2024-01-18_11h34.09.566","VR_setting","2023.2.3",NA,"2024-01-18 11h34.20.546445 +0100",NA
"images/NM.png","images/NF.png","","",NA,"","",NA,NA,NA,NA,NA,NA,NA,NA,NA,NA,NA,NA,NA,NA,NA,0,0,0,0,1,1,3,0,NA,NA,NA,NA,NA,NA,NA,NA,NA,NA,NA,NA,NA,NA,NA,NA,NA,NA,NA,NA,NA,NA,NA,NA,NA,NA,NA,NA,NA,NA,NA,NA,NA,NA,NA,NA,NA,NA,NA,NA,NA,NA,NA,NA,NA,NA,NA,NA,NA,NA,NA,NA,NA,NA,NA,NA,NA,NA,NA,NA,271.932518338,NA,NA,NA,NA,NA,NA,NA,NA,NA,NA,NA,NA,NA,NA,NA,271.925548867,274.924034338,274.924059591,274.968885063,274.968885063,274.968885063,304.965552324,304.965552324,304.965552324,304.956126286,"['j', 'k', 'l', 'j', 'l', 'k', 'j', 'l']","[1.8568636699999388, 7.7683547980000185, 12.97740594700008, 14.23567987599995, 19.741074314000116, 22.17662148599993, 25.514395041999933, 28.429893167000046]","[None, None, None, None, None, None, None, None]",304.956563533,306.949097368,NA,NA,NA,"",NA,"",NA,NA,NA,NA,NA,NA,NA,NA,NA,NA,NA,NA,NA,NA,NA,NA,NA,NA,NA,NA,NA,NA,NA,NA,NA,NA,NA,NA,NA,NA,"","","",NA,NA,NA,NA,NA,NA,"",NA,"",NA,NA,NA,NA,NA,NA,NA,NA,NA,NA,NA,NA,NA,NA,NA,NA,NA,NA,NA,NA,NA,NA,"",NA,NA,NA,NA,1,1,1,1,"2024-01-18_11h34.09.566","VR_setting","2023.2.3",NA,"2024-01-18 11h34.20.546445 +0100",NA
"","","audio/tri_5Hz_-6dBFS_31s.wav","high",1,"","",NA,NA,NA,NA,NA,NA,NA,NA,NA,NA,NA,NA,NA,NA,NA,NA,NA,NA,NA,NA,NA,NA,NA,0,0,0,0,0,0,0,0,NA,NA,NA,NA,NA,NA,NA,NA,NA,NA,NA,NA,NA,NA,NA,NA,NA,NA,NA,NA,NA,NA,NA,NA,NA,NA,NA,NA,NA,NA,NA,NA,NA,NA,NA,NA,NA,NA,NA,NA,NA,NA,NA,NA,NA,NA,NA,NA,NA,NA,NA,NA,317.221962797,NA,NA,NA,NA,NA,NA,NA,NA,NA,NA,NA,NA,NA,NA,NA,NA,NA,NA,NA,NA,NA,NA,NA,NA,NA,"","","",NA,NA,306.949264559,306.957556887,312.66387947,"n",5.69361370599995,"None",312.665225913,315.862925773,317.112638565,317.178360045667,327.18156114,327.209923542,327.20994548,327.215590166,329.293906723,329.199714885,NA,NA,NA,NA,NA,NA,NA,NA,NA,NA,NA,NA,NA,NA,NA,NA,NA,NA,NA,NA,"","","",NA,NA,NA,NA,NA,NA,"",NA,"",NA,NA,NA,NA,NA,NA,NA,NA,NA,NA,NA,NA,NA,NA,NA,NA,NA,NA,NA,NA,NA,NA,"",NA,NA,NA,NA,1,1,1,1,"2024-01-18_11h34.09.566","VR_setting","2023.2.3",NA,"2024-01-18 11h34.20.546445 +0100",NA
"","","audio/tri_5Hz_-6dBFS_31s.wav","medium",0.55,"","",NA,NA,NA,NA,NA,NA,NA,NA,NA,NA,NA,NA,NA,NA,NA,NA,NA,NA,NA,NA,NA,NA,NA,0,0,0,0,0,1,1,1,NA,NA,NA,NA,NA,NA,NA,NA,NA,NA,NA,NA,NA,NA,NA,NA,NA,NA,NA,NA,NA,NA,NA,NA,NA,NA,NA,NA,NA,NA,NA,NA,NA,NA,NA,NA,NA,NA,NA,NA,NA,NA,NA,NA,NA,NA,NA,NA,NA,NA,NA,NA,329.293906723,NA,NA,NA,NA,NA,NA,NA,NA,NA,NA,NA,NA,NA,NA,NA,NA,NA,NA,NA,NA,NA,NA,NA,NA,NA,"","","",NA,NA,NA,NA,NA,"",NA,"",NA,NA,329.200046477,329.24874151,339.24428725,339.280307756,339.280335141,339.289592111,341.369449541,341.278699153,NA,NA,NA,NA,NA,NA,NA,NA,NA,NA,NA,NA,NA,NA,NA,NA,NA,NA,NA,NA,"","","",NA,NA,NA,NA,NA,NA,"",NA,"",NA,NA,NA,NA,NA,NA,NA,NA,NA,NA,NA,NA,NA,NA,NA,NA,NA,NA,NA,NA,NA,NA,"",NA,NA,NA,NA,1,1,1,1,"2024-01-18_11h34.09.566","VR_setting","2023.2.3",NA,"2024-01-18 11h34.20.546445 +0100",NA
"","","audio/tri_5Hz_-6dBFS_31s.wav","low",0.1,"","",NA,NA,NA,NA,NA,NA,NA,NA,NA,NA,NA,NA,NA,NA,NA,NA,NA,NA,NA,NA,NA,NA,NA,0,0,0,0,0,2,2,2,NA,NA,NA,NA,NA,NA,NA,NA,NA,NA,NA,NA,NA,NA,NA,NA,NA,NA,NA,NA,NA,NA,NA,NA,NA,NA,NA,NA,NA,NA,NA,NA,NA,NA,NA,NA,NA,NA,NA,NA,NA,NA,NA,NA,NA,NA,NA,NA,NA,NA,NA,NA,341.369449541,NA,NA,NA,NA,NA,NA,NA,NA,NA,NA,NA,NA,NA,NA,NA,NA,NA,NA,NA,NA,NA,NA,NA,NA,NA,"","","",NA,NA,NA,NA,NA,"",NA,"",NA,NA,341.279038743,341.327732314,351.32942711,351.352850506,351.352872197,351.369586901,353.360482405,353.352807502,NA,NA,NA,NA,NA,NA,NA,NA,NA,NA,NA,NA,NA,NA,NA,NA,NA,NA,NA,NA,"","","",NA,NA,NA,NA,NA,NA,"",NA,"",NA,NA,NA,NA,NA,NA,NA,NA,NA,NA,NA,NA,NA,NA,NA,NA,NA,NA,NA,NA,NA,NA,"",NA,NA,NA,NA,1,1,1,1,"2024-01-18_11h34.09.566","VR_setting","2023.2.3",NA,"2024-01-18 11h34.20.546445 +0100",NA
"","","","",NA,"","",NA,NA,NA,NA,NA,NA,NA,NA,NA,NA,NA,NA,NA,NA,NA,NA,NA,NA,NA,NA,NA,NA,NA,0,0,0,0,NA,NA,NA,NA,0,0,0,0,NA,NA,NA,NA,NA,NA,NA,NA,NA,NA,NA,NA,NA,NA,NA,NA,NA,NA,NA,NA,NA,NA,NA,NA,NA,NA,NA,NA,NA,NA,NA,NA,NA,NA,NA,NA,NA,NA,NA,NA,NA,NA,NA,NA,NA,NA,NA,NA,372.410683493,NA,NA,NA,NA,NA,NA,NA,NA,NA,NA,NA,NA,NA,NA,NA,NA,NA,NA,NA,NA,NA,NA,NA,NA,NA,"","","",NA,NA,NA,NA,NA,"",NA,"",NA,NA,NA,NA,NA,NA,NA,NA,NA,NA,353.352918229,372.180914311,372.357229347,372.412702016333,382.411214916,391.616286554,0.9,NA,NA,NA,NA,NA,NA,NA,NA,NA,NA,NA,NA,NA,"","","",NA,NA,NA,NA,NA,NA,"",NA,"",NA,NA,NA,NA,NA,NA,NA,NA,NA,NA,NA,NA,NA,NA,NA,NA,NA,NA,NA,NA,NA,NA,"",NA,NA,NA,NA,1,1,1,1,"2024-01-18_11h34.09.566","VR_setting","2023.2.3",NA,"2024-01-18 11h34.20.546445 +0100",NA
"","","audio/white.wav.wav","",NA,"images/MAM11BFI.png","images/MAM11NES.png",0,0,NA,NA,NA,NA,NA,NA,NA,NA,NA,NA,NA,NA,NA,NA,NA,NA,NA,NA,NA,NA,NA,NA,NA,NA,NA,NA,NA,NA,NA,NA,NA,NA,NA,0,0,0,0,NA,NA,NA,NA,NA,NA,NA,NA,NA,NA,NA,NA,0,0,0,3,NA,NA,NA,NA,NA,NA,NA,NA,NA,NA,NA,NA,NA,NA,NA,NA,NA,NA,NA,NA,NA,NA,NA,NA,NA,NA,NA,NA,424.321696127,NA,NA,NA,NA,NA,NA,NA,NA,NA,NA,NA,NA,NA,NA,NA,424.314108334,427.305453688,NA,NA,NA,NA,NA,NA,NA,NA,"","","",459.692091392,461.685227897,NA,NA,NA,"",NA,"",NA,NA,NA,NA,NA,NA,NA,NA,NA,NA,NA,NA,NA,NA,NA,NA,NA,391.61639563,401.299545973,402.419247136,423.576988994,427.305473785,429.698296243,429.698296243,429.698296243,429.637912354333,459.69843514,459.69843514,459.69843514,459.691440497,"['l']","[1.8522371859999112]","[None]",NA,NA,NA,NA,NA,NA,"",NA,"",NA,NA,NA,NA,NA,NA,NA,NA,NA,NA,NA,NA,NA,NA,NA,NA,NA,NA,NA,NA,NA,NA,"",NA,NA,NA,NA,1,1,1,1,"2024-01-18_11h34.09.566","VR_setting","2023.2.3",NA,"2024-01-18 11h34.20.546445 +0100",NA
"","","audio/tri_5Hz_-6dBFS_31s.wav","",NA,"images/MAM11NES.png","images/MAM11BFI.png",1,5,NA,NA,NA,NA,NA,NA,NA,NA,NA,NA,NA,NA,NA,NA,NA,NA,NA,NA,NA,NA,NA,NA,NA,NA,NA,NA,NA,NA,NA,NA,NA,NA,NA,0,0,0,0,NA,NA,NA,NA,NA,NA,NA,NA,NA,NA,NA,NA,0,1,1,0,NA,NA,NA,NA,NA,NA,NA,NA,NA,NA,NA,NA,NA,NA,NA,NA,NA,NA,NA,NA,NA,NA,NA,NA,NA,NA,NA,NA,461.694652759,NA,NA,NA,NA,NA,NA,NA,NA,NA,NA,NA,NA,NA,NA,NA,461.685616364,464.678668082,NA,NA,NA,NA,NA,NA,NA,NA,"","","",494.815457929,496.813841032,NA,NA,NA,"",NA,"",NA,NA,NA,NA,NA,NA,NA,NA,NA,NA,NA,NA,NA,NA,NA,NA,NA,NA,NA,NA,NA,464.678689674,464.823563607,464.823563607,464.823563607,464.777766802,494.821315957,494.821315957,494.821315957,494.815073537,"['k', 'l', 'j', 'k', 'j', 'l', 'k']","[1.6251032240002132, 9.105313732000013, 12.14765272600016, 13.599717370000235, 17.649752456999977, 20.376093787000173, 22.605747418000192]","[None, None, None, None, None, None, None]",NA,NA,NA,NA,NA,NA,"",NA,"",NA,NA,NA,NA,NA,NA,NA,NA,NA,NA,NA,NA,NA,NA,NA,NA,NA,NA,NA,NA,NA,NA,"",NA,NA,NA,NA,1,1,1,1,"2024-01-18_11h34.09.566","VR_setting","2023.2.3",NA,"2024-01-18 11h34.20.546445 +0100",NA
"","","audio/tri_5Hz_-6dBFS_31s.wav","",NA,"images/MAM11BFI.png","images/MAM11NES.png",1,5,NA,NA,NA,NA,NA,NA,NA,NA,NA,NA,NA,NA,NA,NA,NA,NA,NA,NA,NA,NA,NA,NA,NA,NA,NA,NA,NA,NA,NA,NA,NA,NA,NA,0,0,0,0,NA,NA,NA,NA,NA,NA,NA,NA,NA,NA,NA,NA,0,2,2,1,NA,NA,NA,NA,NA,NA,NA,NA,NA,NA,NA,NA,NA,NA,NA,NA,NA,NA,NA,NA,NA,NA,NA,NA,NA,NA,NA,NA,496.827705775,NA,NA,NA,NA,NA,NA,NA,NA,NA,NA,NA,NA,NA,NA,NA,496.814453632,499.813755867,NA,NA,NA,NA,NA,NA,NA,NA,"","","",529.922058284,531.921679244,NA,NA,NA,"",NA,"",NA,NA,NA,NA,NA,NA,NA,NA,NA,NA,NA,NA,NA,NA,NA,NA,NA,NA,NA,NA,NA,499.813780927,499.92290163,499.92290163,499.92290163,499.879692805667,529.938316581,529.938316581,529.938316581,529.921678739,"['l', 'k', 'l']","[1.4972224809998806, 23.9451101679997, 27.654288811999777]","[None, None, None]",NA,NA,NA,NA,NA,NA,"",NA,"",NA,NA,NA,NA,NA,NA,NA,NA,NA,NA,NA,NA,NA,NA,NA,NA,NA,NA,NA,NA,NA,NA,"",NA,NA,NA,NA,1,1,1,1,"2024-01-18_11h34.09.566","VR_setting","2023.2.3",NA,"2024-01-18 11h34.20.546445 +0100",NA
"","","audio/white.wav.wav","",NA,"images/MAM11NES.png","images/MAM11BFI.png",0,0,NA,NA,NA,NA,NA,NA,NA,NA,NA,NA,NA,NA,NA,NA,NA,NA,NA,NA,NA,NA,NA,NA,NA,NA,NA,NA,NA,NA,NA,NA,NA,NA,NA,0,0,0,0,NA,NA,NA,NA,NA,NA,NA,NA,NA,NA,NA,NA,0,3,3,2,NA,NA,NA,NA,NA,NA,NA,NA,NA,NA,NA,NA,NA,NA,NA,NA,NA,NA,NA,NA,NA,NA,NA,NA,NA,NA,NA,NA,531.928588526,NA,NA,NA,NA,NA,NA,NA,NA,NA,NA,NA,NA,NA,NA,NA,531.922089202,534.921066534,NA,NA,NA,NA,NA,NA,NA,NA,"","","",564.984029349,566.978967243,NA,NA,NA,"",NA,"",NA,NA,NA,NA,NA,NA,NA,NA,NA,NA,NA,NA,NA,NA,NA,NA,NA,NA,NA,NA,NA,534.921087346,534.988434738,534.988434738,534.988434738,534.987082241667,564.991772331,564.991772331,564.991772331,564.983560677,"['k', 'l', 'k', 'j', 'l', 'k']","[1.393040302999907, 9.66300063000017, 12.952421544000117, 18.716789319000327, 20.43115481399991, 23.95783970699995]","[None, None, None, None, None, None]",NA,NA,NA,NA,NA,NA,"",NA,"",NA,NA,NA,NA,NA,NA,NA,NA,NA,NA,NA,NA,NA,NA,NA,NA,NA,NA,NA,NA,NA,NA,"",NA,NA,NA,NA,1,1,1,1,"2024-01-18_11h34.09.566","VR_setting","2023.2.3",NA,"2024-01-18 11h34.20.546445 +0100",NA
"","","audio/tri_5Hz_-6dBFS_31s.wav","",NA,"images/MAM11NES.png","images/MAM11BFI.png",1,5,NA,NA,NA,NA,NA,NA,NA,NA,NA,NA,NA,NA,NA,NA,NA,NA,NA,NA,NA,NA,NA,NA,NA,NA,NA,NA,NA,NA,NA,NA,NA,NA,NA,0,0,0,0,NA,NA,NA,NA,NA,NA,NA,NA,NA,NA,NA,NA,1,0,4,0,NA,NA,NA,NA,NA,NA,NA,NA,NA,NA,NA,NA,NA,NA,NA,NA,NA,NA,NA,NA,NA,NA,NA,NA,NA,NA,NA,NA,566.986158343,NA,NA,NA,NA,NA,NA,NA,NA,NA,NA,NA,NA,NA,NA,NA,566.979324877,569.978184638,NA,NA,NA,NA,NA,NA,NA,NA,"","","",600.027185741,602.019488758,NA,NA,NA,"",NA,"",NA,NA,NA,NA,NA,NA,NA,NA,NA,NA,NA,NA,NA,NA,NA,NA,NA,NA,NA,NA,NA,569.978204011,570.041345048,570.041345048,570.041345048,570.027605928,600.036240543,600.036240543,600.036240543,600.026410036,"['k', 'j', 'k', 'l', 'k', 'j', 'l', 'k', 'j', 'k']","[3.018167675999848, 4.367926992999855, 8.080243119999977, 14.040914553999755, 17.606651216000046, 20.21562582899969, 21.58700471899965, 24.291322723999656, 28.124999091000063, 29.96725606999962]","[None, None, None, None, None, None, None, None, None, None]",NA,NA,NA,NA,NA,NA,"",NA,"",NA,NA,NA,NA,NA,NA,NA,NA,NA,NA,NA,NA,NA,NA,NA,NA,NA,NA,NA,NA,NA,NA,"",NA,NA,NA,NA,1,1,1,1,"2024-01-18_11h34.09.566","VR_setting","2023.2.3",NA,"2024-01-18 11h34.20.546445 +0100",NA
"","","audio/white.wav.wav","",NA,"images/MAM11NES.png","images/MAM11BFI.png",0,0,NA,NA,NA,NA,NA,NA,NA,NA,NA,NA,NA,NA,NA,NA,NA,NA,NA,NA,NA,NA,NA,NA,NA,NA,NA,NA,NA,NA,NA,NA,NA,NA,NA,0,0,0,0,NA,NA,NA,NA,NA,NA,NA,NA,NA,NA,NA,NA,1,1,5,2,NA,NA,NA,NA,NA,NA,NA,NA,NA,NA,NA,NA,NA,NA,NA,NA,NA,NA,NA,NA,NA,NA,NA,NA,NA,NA,NA,NA,602.026512076,NA,NA,NA,NA,NA,NA,NA,NA,NA,NA,NA,NA,NA,NA,NA,602.019864386,605.012887107,NA,NA,NA,NA,NA,NA,NA,NA,"","","",635.077955592,637.078483749,NA,NA,NA,"",NA,"",NA,NA,NA,NA,NA,NA,NA,NA,NA,NA,NA,NA,NA,NA,NA,NA,NA,NA,NA,NA,NA,605.012907556,605.084503391,605.084503391,605.084503391,605.078779233667,635.083719731,635.083719731,635.083719731,635.077554965,"['k', 'l', 'k']","[1.2431433819997437, 10.958645763999812, 14.137226455000018]","[None, None, None]",NA,NA,NA,NA,NA,NA,"",NA,"",NA,NA,NA,NA,NA,NA,NA,NA,NA,NA,NA,NA,NA,NA,NA,NA,NA,NA,NA,NA,NA,NA,"",NA,NA,NA,NA,1,1,1,1,"2024-01-18_11h34.09.566","VR_setting","2023.2.3",NA,"2024-01-18 11h34.20.546445 +0100",NA
"","","audio/white.wav.wav","",NA,"images/MAM11BFI.png","images/MAM11NES.png",0,0,NA,NA,NA,NA,NA,NA,NA,NA,NA,NA,NA,NA,NA,NA,NA,NA,NA,NA,NA,NA,NA,NA,NA,NA,NA,NA,NA,NA,NA,NA,NA,NA,NA,0,0,0,0,NA,NA,NA,NA,NA,NA,NA,NA,NA,NA,NA,NA,1,2,6,3,NA,NA,NA,NA,NA,NA,NA,NA,NA,NA,NA,NA,NA,NA,NA,NA,NA,NA,NA,NA,NA,NA,NA,NA,NA,NA,NA,NA,637.089323098,NA,NA,NA,NA,NA,NA,NA,NA,NA,NA,NA,NA,NA,NA,NA,637.078858194,640.076295659,NA,NA,NA,NA,NA,NA,NA,NA,"","","",670.158333012,672.15089956,NA,NA,NA,"",NA,"",NA,NA,NA,NA,NA,NA,NA,NA,NA,NA,NA,NA,NA,NA,NA,NA,NA,NA,NA,NA,NA,640.076315495,640.170858355,640.170858355,640.170858355,640.12547952,670.167674757,670.167674757,670.167674757,670.157885644,"['l']","[1.1726978199999394]","[None]",NA,NA,NA,NA,NA,NA,"",NA,"",NA,NA,NA,NA,NA,NA,NA,NA,NA,NA,NA,NA,NA,NA,NA,NA,NA,NA,NA,NA,NA,NA,"",NA,NA,NA,NA,1,1,1,1,"2024-01-18_11h34.09.566","VR_setting","2023.2.3",NA,"2024-01-18 11h34.20.546445 +0100",NA
"","","audio/tri_5Hz_-6dBFS_31s.wav","",NA,"images/MAM11BFI.png","images/MAM11NES.png",1,5,NA,NA,NA,NA,NA,NA,NA,NA,NA,NA,NA,NA,NA,NA,NA,NA,NA,NA,NA,NA,NA,NA,NA,NA,NA,NA,NA,NA,NA,NA,NA,NA,NA,0,0,0,0,NA,NA,NA,NA,NA,NA,NA,NA,NA,NA,NA,NA,1,3,7,1,NA,NA,NA,NA,NA,NA,NA,NA,NA,NA,NA,NA,NA,NA,NA,NA,NA,NA,NA,NA,NA,NA,NA,NA,NA,NA,NA,NA,672.157788574,NA,NA,NA,NA,NA,NA,NA,NA,NA,NA,NA,NA,NA,NA,NA,672.151229941,675.149953192,NA,NA,NA,NA,NA,NA,NA,NA,"","","",705.225044639,707.224779579,NA,NA,NA,"",NA,"",NA,NA,NA,NA,NA,NA,NA,NA,NA,NA,NA,NA,NA,NA,NA,NA,NA,NA,NA,NA,NA,675.149987248,675.22272123,675.22272123,675.22272123,675.216004884667,705.241437448,705.241437448,705.241437448,705.224656642,"['l']","[2.714169007000237]","[None]",NA,NA,NA,NA,NA,NA,"",NA,"",NA,NA,NA,NA,NA,NA,NA,NA,NA,NA,NA,NA,NA,NA,NA,NA,NA,NA,NA,NA,NA,NA,"",NA,NA,NA,NA,1,1,1,1,"2024-01-18_11h34.09.566","VR_setting","2023.2.3",NA,"2024-01-18 11h34.20.546445 +0100",NA
"","","audio/white.wav.wav","",NA,"images/MAM11BFI.png","images/MAM11NES.png",0,0,NA,NA,NA,NA,NA,NA,NA,NA,NA,NA,NA,NA,NA,NA,NA,NA,NA,NA,NA,NA,NA,NA,NA,NA,NA,NA,NA,NA,NA,NA,NA,NA,NA,0,0,0,0,NA,NA,NA,NA,NA,NA,NA,NA,NA,NA,NA,NA,2,0,8,3,NA,NA,NA,NA,NA,NA,NA,NA,NA,NA,NA,NA,NA,NA,NA,NA,NA,NA,NA,NA,NA,NA,NA,NA,NA,NA,NA,NA,707.232138461,NA,NA,NA,NA,NA,NA,NA,NA,NA,NA,NA,NA,NA,NA,NA,707.225114605,710.223997442,NA,NA,NA,NA,NA,NA,NA,NA,"","","",740.29923165,742.29873983,NA,NA,NA,"",NA,"",NA,NA,NA,NA,NA,NA,NA,NA,NA,NA,NA,NA,NA,NA,NA,NA,NA,NA,NA,NA,NA,710.224016616,710.307714677,710.307714677,710.307714677,710.273227307,740.310332705,740.310332705,740.310332705,740.298776627,"['l']","[1.9507270789999893]","[None]",NA,NA,NA,NA,NA,NA,"",NA,"",NA,NA,NA,NA,NA,NA,NA,NA,NA,NA,NA,NA,NA,NA,NA,NA,NA,NA,NA,NA,NA,NA,"",NA,NA,NA,NA,1,1,1,1,"2024-01-18_11h34.09.566","VR_setting","2023.2.3",NA,"2024-01-18 11h34.20.546445 +0100",NA
"","","audio/tri_5Hz_-6dBFS_31s.wav","",NA,"images/MAM11NES.png","images/MAM11BFI.png",1,5,NA,NA,NA,NA,NA,NA,NA,NA,NA,NA,NA,NA,NA,NA,NA,NA,NA,NA,NA,NA,NA,NA,NA,NA,NA,NA,NA,NA,NA,NA,NA,NA,NA,0,0,0,0,NA,NA,NA,NA,NA,NA,NA,NA,NA,NA,NA,NA,2,1,9,0,NA,NA,NA,NA,NA,NA,NA,NA,NA,NA,NA,NA,NA,NA,NA,NA,NA,NA,NA,NA,NA,NA,NA,NA,NA,NA,NA,NA,742.305856391,NA,NA,NA,NA,NA,NA,NA,NA,NA,NA,NA,NA,NA,NA,NA,742.299138958,745.297965096,NA,NA,NA,NA,NA,NA,NA,NA,"","","",775.379743088,777.379010472,NA,NA,NA,"",NA,"",NA,NA,NA,NA,NA,NA,NA,NA,NA,NA,NA,NA,NA,NA,NA,NA,NA,NA,NA,NA,NA,745.297983621,745.391745853,745.391745853,745.391745853,745.363973624667,775.389354134,775.389354134,775.389354134,775.379223655,"['k', 'l', 'k']","[1.283105028999671, 5.366996950999692, 8.960278728000048]","[None, None, None]",NA,NA,NA,NA,NA,NA,"",NA,"",NA,NA,NA,NA,NA,NA,NA,NA,NA,NA,NA,NA,NA,NA,NA,NA,NA,NA,NA,NA,NA,NA,"",NA,NA,NA,NA,1,1,1,1,"2024-01-18_11h34.09.566","VR_setting","2023.2.3",NA,"2024-01-18 11h34.20.546445 +0100",NA
"","","audio/tri_5Hz_-6dBFS_31s.wav","",NA,"images/MAM11BFI.png","images/MAM11NES.png",1,5,NA,NA,NA,NA,NA,NA,NA,NA,NA,NA,NA,NA,NA,NA,NA,NA,NA,NA,NA,NA,NA,NA,NA,NA,NA,NA,NA,NA,NA,NA,NA,NA,NA,0,0,0,0,NA,NA,NA,NA,NA,NA,NA,NA,NA,NA,NA,NA,2,2,10,1,NA,NA,NA,NA,NA,NA,NA,NA,NA,NA,NA,NA,NA,NA,NA,NA,NA,NA,NA,NA,NA,NA,NA,NA,NA,NA,NA,NA,777.388073034,NA,NA,NA,NA,NA,NA,NA,NA,NA,NA,NA,NA,NA,NA,NA,777.379364755,780.371921832,NA,NA,NA,NA,NA,NA,NA,NA,"","","",810.447373749,812.446422158,NA,NA,NA,"",NA,"",NA,NA,NA,NA,NA,NA,NA,NA,NA,NA,NA,NA,NA,NA,NA,NA,NA,NA,NA,NA,NA,780.371940248,780.463987158,780.463987158,780.463987158,780.42129891,810.454814835,810.454814835,810.454814835,810.446995687,"['l']","[1.1773807380000108]","[None]",NA,NA,NA,NA,NA,NA,"",NA,"",NA,NA,NA,NA,NA,NA,NA,NA,NA,NA,NA,NA,NA,NA,NA,NA,NA,NA,NA,NA,NA,NA,"",NA,NA,NA,NA,1,1,1,1,"2024-01-18_11h34.09.566","VR_setting","2023.2.3",NA,"2024-01-18 11h34.20.546445 +0100",NA
"","","audio/white.wav.wav","",NA,"images/MAM11NES.png","images/MAM11BFI.png",0,0,NA,NA,NA,NA,NA,NA,NA,NA,NA,NA,NA,NA,NA,NA,NA,NA,NA,NA,NA,NA,NA,NA,NA,NA,NA,NA,NA,NA,NA,NA,NA,NA,NA,0,0,0,0,NA,NA,NA,NA,NA,NA,NA,NA,NA,NA,NA,NA,2,3,11,2,NA,NA,NA,NA,NA,NA,NA,NA,NA,NA,NA,NA,NA,NA,NA,NA,NA,NA,NA,NA,NA,NA,NA,NA,NA,NA,NA,NA,812.453487776,NA,NA,NA,NA,NA,NA,NA,NA,NA,NA,NA,NA,NA,NA,NA,812.446853495,815.445906929,NA,NA,NA,NA,NA,NA,NA,NA,"","","",845.527603044,847.520671766,NA,NA,NA,"",NA,"",NA,NA,NA,NA,NA,NA,NA,NA,NA,NA,NA,NA,NA,NA,NA,NA,NA,NA,NA,NA,NA,815.445927045,815.540001953,815.540001953,815.540001953,815.511905619667,845.537133446,845.537133446,845.537133446,845.527132395,"['k', 'l', 'j', 'k', 'l', 'k', 'l', 'k']","[1.258572754999932, 4.699769620000097, 7.507424011000239, 10.619058011000106, 13.382780910000292, 16.44477149400018, 23.644116718000078, 27.284626627000307]","[None, None, None, None, None, None, None, None]",NA,NA,NA,NA,NA,NA,"",NA,"",NA,NA,NA,NA,NA,NA,NA,NA,NA,NA,NA,NA,NA,NA,NA,NA,NA,NA,NA,NA,NA,NA,"",NA,NA,NA,NA,1,1,1,1,"2024-01-18_11h34.09.566","VR_setting","2023.2.3",NA,"2024-01-18 11h34.20.546445 +0100",NA
"","","audio/tri_5Hz_-6dBFS_31s.wav","",NA,"images/MAM11HAS.png","images/MAM11NES.png",1,5,NA,NA,NA,NA,NA,NA,NA,NA,NA,NA,NA,NA,NA,NA,NA,NA,NA,NA,NA,NA,NA,NA,NA,NA,NA,NA,NA,NA,NA,NA,NA,NA,NA,1,0,1,0,NA,NA,NA,NA,0,0,0,0,NA,NA,NA,NA,NA,NA,NA,NA,NA,NA,NA,NA,NA,NA,NA,NA,NA,NA,NA,NA,NA,NA,NA,NA,NA,NA,NA,NA,NA,NA,NA,NA,NA,NA,NA,NA,877.945657693,NA,NA,NA,NA,NA,NA,NA,NA,NA,NA,NA,NA,NA,NA,NA,877.929809622,880.934054486,NA,NA,NA,NA,NA,NA,NA,NA,"","","",912.244242759,914.236142699,NA,NA,NA,"",NA,"",NA,NA,NA,NA,NA,NA,NA,NA,NA,NA,NA,NA,NA,NA,NA,NA,NA,NA,NA,NA,NA,880.9340759,882.254309747,882.254309747,882.254309747,882.23247946,912.252649161,912.252649161,912.252649161,912.243345618,"['l']","[1.7330254390003574]","[None]",847.520773955,847.521099164,847.521118582,847.53145099,847.53145099,863.685587449,"space",16.1428448690003,"None",863.686949943,863.704780063,863.704780063,877.919123395,NA,NA,NA,NA,NA,NA,NA,NA,NA,NA,NA,NA,NA,NA,NA,NA,NA,NA,"",NA,NA,NA,NA,1,1,1,1,"2024-01-18_11h34.09.566","VR_setting","2023.2.3",NA,"2024-01-18 11h34.20.546445 +0100",NA
"","","audio/white.wav.wav","",NA,"images/MAM11NES.png","images/MAM11HAS.png",0,0,NA,NA,NA,NA,NA,NA,NA,NA,NA,NA,NA,NA,NA,NA,NA,NA,NA,NA,NA,NA,NA,NA,NA,NA,NA,NA,NA,NA,NA,NA,NA,NA,NA,1,0,1,0,NA,NA,NA,NA,0,1,1,3,NA,NA,NA,NA,NA,NA,NA,NA,NA,NA,NA,NA,NA,NA,NA,NA,NA,NA,NA,NA,NA,NA,NA,NA,NA,NA,NA,NA,NA,NA,NA,NA,NA,NA,NA,NA,914.274374621,NA,NA,NA,NA,NA,NA,NA,NA,NA,NA,NA,NA,NA,NA,NA,914.236893804,917.268725313,NA,NA,NA,NA,NA,NA,NA,NA,"","","",947.328044828,949.326655715,NA,NA,NA,"",NA,"",NA,NA,NA,NA,NA,NA,NA,NA,NA,NA,NA,NA,NA,NA,NA,NA,NA,NA,NA,NA,NA,917.268744334,917.334764979,917.334764979,917.334764979,917.334709592667,947.334396545,947.334396545,947.334396545,947.327500432,"['k', 'l', 'k']","[2.4754547970001113, 20.377085465000164, 22.657293594000294]","[None, None, None]",NA,NA,NA,NA,NA,NA,"",NA,"",NA,NA,NA,NA,NA,NA,NA,NA,NA,NA,NA,NA,NA,NA,NA,NA,NA,NA,NA,NA,NA,NA,"",NA,NA,NA,NA,1,1,1,1,"2024-01-18_11h34.09.566","VR_setting","2023.2.3",NA,"2024-01-18 11h34.20.546445 +0100",NA
"","","audio/white.wav.wav","",NA,"images/MAM11HAS.png","images/MAM11NES.png",0,0,NA,NA,NA,NA,NA,NA,NA,NA,NA,NA,NA,NA,NA,NA,NA,NA,NA,NA,NA,NA,NA,NA,NA,NA,NA,NA,NA,NA,NA,NA,NA,NA,NA,1,0,1,0,NA,NA,NA,NA,0,2,2,2,NA,NA,NA,NA,NA,NA,NA,NA,NA,NA,NA,NA,NA,NA,NA,NA,NA,NA,NA,NA,NA,NA,NA,NA,NA,NA,NA,NA,NA,NA,NA,NA,NA,NA,NA,NA,949.333626736,NA,NA,NA,NA,NA,NA,NA,NA,NA,NA,NA,NA,NA,NA,NA,949.327038114,952.326063706,NA,NA,NA,NA,NA,NA,NA,NA,"","","",982.401792064,984.400523407,NA,NA,NA,"",NA,"",NA,NA,NA,NA,NA,NA,NA,NA,NA,NA,NA,NA,NA,NA,NA,NA,NA,NA,NA,NA,NA,952.326084122,952.409777995,952.409777995,952.409777995,952.392026099667,982.408307531,982.408307531,982.408307531,982.401293946,"['l']","[1.8557410230000642]","[None]",NA,NA,NA,NA,NA,NA,"",NA,"",NA,NA,NA,NA,NA,NA,NA,NA,NA,NA,NA,NA,NA,NA,NA,NA,NA,NA,NA,NA,NA,NA,"",NA,NA,NA,NA,1,1,1,1,"2024-01-18_11h34.09.566","VR_setting","2023.2.3",NA,"2024-01-18 11h34.20.546445 +0100",NA
"","","audio/tri_5Hz_-6dBFS_31s.wav","",NA,"images/MAM11NES.png","images/MAM11HAS.png",1,5,NA,NA,NA,NA,NA,NA,NA,NA,NA,NA,NA,NA,NA,NA,NA,NA,NA,NA,NA,NA,NA,NA,NA,NA,NA,NA,NA,NA,NA,NA,NA,NA,NA,1,0,1,0,NA,NA,NA,NA,0,3,3,1,NA,NA,NA,NA,NA,NA,NA,NA,NA,NA,NA,NA,NA,NA,NA,NA,NA,NA,NA,NA,NA,NA,NA,NA,NA,NA,NA,NA,NA,NA,NA,NA,NA,NA,NA,NA,984.408031643,NA,NA,NA,NA,NA,NA,NA,NA,NA,NA,NA,NA,NA,NA,NA,984.400956225,987.399925027,NA,NA,NA,NA,NA,NA,NA,NA,"","","",1017.47562539,1019.474437254,NA,NA,NA,"",NA,"",NA,NA,NA,NA,NA,NA,NA,NA,NA,NA,NA,NA,NA,NA,NA,NA,NA,NA,NA,NA,NA,987.399943351,987.488688135,987.488688135,987.488688135,987.465854027667,1017.481674017,1017.481674017,1017.481674017,1017.475092658,"['k', 'l', 'k', 'l', 'k']","[1.8197895609996522, 5.38416905899976, 10.790558668999893, 20.097902363999765, 26.55556252899987]","[None, None, None, None, None]",NA,NA,NA,NA,NA,NA,"",NA,"",NA,NA,NA,NA,NA,NA,NA,NA,NA,NA,NA,NA,NA,NA,NA,NA,NA,NA,NA,NA,NA,NA,"",NA,NA,NA,NA,1,1,1,1,"2024-01-18_11h34.09.566","VR_setting","2023.2.3",NA,"2024-01-18 11h34.20.546445 +0100",NA
"","","audio/tri_5Hz_-6dBFS_31s.wav","",NA,"images/MAM11HAS.png","images/MAM11NES.png",1,5,NA,NA,NA,NA,NA,NA,NA,NA,NA,NA,NA,NA,NA,NA,NA,NA,NA,NA,NA,NA,NA,NA,NA,NA,NA,NA,NA,NA,NA,NA,NA,NA,NA,1,0,1,0,NA,NA,NA,NA,1,0,4,0,NA,NA,NA,NA,NA,NA,NA,NA,NA,NA,NA,NA,NA,NA,NA,NA,NA,NA,NA,NA,NA,NA,NA,NA,NA,NA,NA,NA,NA,NA,NA,NA,NA,NA,NA,NA,1019.481376689,NA,NA,NA,NA,NA,NA,NA,NA,NA,NA,NA,NA,NA,NA,NA,1019.474835187,1022.473286193,NA,NA,NA,NA,NA,NA,NA,NA,"","","",1052.549824548,1054.548473416,NA,NA,NA,"",NA,"",NA,NA,NA,NA,NA,NA,NA,NA,NA,NA,NA,NA,NA,NA,NA,NA,NA,NA,NA,NA,NA,1022.47330881,1022.559099662,1022.559099662,1022.559099662,1022.53938511367,1052.556245097,1052.556245097,1052.556245097,1052.549277271,"['l']","[1.8658537330002218]","[None]",NA,NA,NA,NA,NA,NA,"",NA,"",NA,NA,NA,NA,NA,NA,NA,NA,NA,NA,NA,NA,NA,NA,NA,NA,NA,NA,NA,NA,NA,NA,"",NA,NA,NA,NA,1,1,1,1,"2024-01-18_11h34.09.566","VR_setting","2023.2.3",NA,"2024-01-18 11h34.20.546445 +0100",NA
"","","audio/tri_5Hz_-6dBFS_31s.wav","",NA,"images/MAM11NES.png","images/MAM11HAS.png",1,5,NA,NA,NA,NA,NA,NA,NA,NA,NA,NA,NA,NA,NA,NA,NA,NA,NA,NA,NA,NA,NA,NA,NA,NA,NA,NA,NA,NA,NA,NA,NA,NA,NA,1,0,1,0,NA,NA,NA,NA,1,1,5,1,NA,NA,NA,NA,NA,NA,NA,NA,NA,NA,NA,NA,NA,NA,NA,NA,NA,NA,NA,NA,NA,NA,NA,NA,NA,NA,NA,NA,NA,NA,NA,NA,NA,NA,NA,NA,1054.555402706,NA,NA,NA,NA,NA,NA,NA,NA,NA,NA,NA,NA,NA,NA,NA,1054.548891305,1057.547742425,NA,NA,NA,NA,NA,NA,NA,NA,"","","",1087.622050295,1089.612470564,NA,NA,NA,"",NA,"",NA,NA,NA,NA,NA,NA,NA,NA,NA,NA,NA,NA,NA,NA,NA,NA,NA,NA,NA,NA,NA,1057.547761178,1057.634190781,1057.634190781,1057.634190781,1057.61379456167,1087.6282615,1087.6282615,1087.6282615,1087.620798073,"['k', 'l', 'k', 'l']","[1.2954615120002018, 4.150213261999852, 8.780317702000048, 18.29312995400005]","[None, None, None, None]",NA,NA,NA,NA,NA,NA,"",NA,"",NA,NA,NA,NA,NA,NA,NA,NA,NA,NA,NA,NA,NA,NA,NA,NA,NA,NA,NA,NA,NA,NA,"",NA,NA,NA,NA,1,1,1,1,"2024-01-18_11h34.09.566","VR_setting","2023.2.3",NA,"2024-01-18 11h34.20.546445 +0100",NA
"","","audio/white.wav.wav","",NA,"images/MAM11NES.png","images/MAM11HAS.png",0,0,NA,NA,NA,NA,NA,NA,NA,NA,NA,NA,NA,NA,NA,NA,NA,NA,NA,NA,NA,NA,NA,NA,NA,NA,NA,NA,NA,NA,NA,NA,NA,NA,NA,1,0,1,0,NA,NA,NA,NA,1,2,6,3,NA,NA,NA,NA,NA,NA,NA,NA,NA,NA,NA,NA,NA,NA,NA,NA,NA,NA,NA,NA,NA,NA,NA,NA,NA,NA,NA,NA,NA,NA,NA,NA,NA,NA,NA,NA,1089.62214884,NA,NA,NA,NA,NA,NA,NA,NA,NA,NA,NA,NA,NA,NA,NA,1089.61289997,1092.610420864,NA,NA,NA,NA,NA,NA,NA,NA,"","","",1122.680793414,1124.679884328,NA,NA,NA,"",NA,"",NA,NA,NA,NA,NA,NA,NA,NA,NA,NA,NA,NA,NA,NA,NA,NA,NA,NA,NA,NA,NA,1092.610481732,1092.696096425,1092.696096425,1092.696096425,1092.67626009167,1122.6869244,1122.6869244,1122.6869244,1122.680323856,"['k', 'l', 'k']","[1.8531973090002793, 5.139528143999996, 9.412900340000306]","[None, None, None]",NA,NA,NA,NA,NA,NA,"",NA,"",NA,NA,NA,NA,NA,NA,NA,NA,NA,NA,NA,NA,NA,NA,NA,NA,NA,NA,NA,NA,NA,NA,"",NA,NA,NA,NA,1,1,1,1,"2024-01-18_11h34.09.566","VR_setting","2023.2.3",NA,"2024-01-18 11h34.20.546445 +0100",NA
"","","audio/white.wav.wav","",NA,"images/MAM11HAS.png","images/MAM11NES.png",0,0,NA,NA,NA,NA,NA,NA,NA,NA,NA,NA,NA,NA,NA,NA,NA,NA,NA,NA,NA,NA,NA,NA,NA,NA,NA,NA,NA,NA,NA,NA,NA,NA,NA,1,0,1,0,NA,NA,NA,NA,1,3,7,2,NA,NA,NA,NA,NA,NA,NA,NA,NA,NA,NA,NA,NA,NA,NA,NA,NA,NA,NA,NA,NA,NA,NA,NA,NA,NA,NA,NA,NA,NA,NA,NA,NA,NA,NA,NA,1124.687077465,NA,NA,NA,NA,NA,NA,NA,NA,NA,NA,NA,NA,NA,NA,NA,1124.680313802,1127.678902534,NA,NA,NA,NA,NA,NA,NA,NA,"","","",1157.755117655,1159.75383475,NA,NA,NA,"",NA,"",NA,NA,NA,NA,NA,NA,NA,NA,NA,NA,NA,NA,NA,NA,NA,NA,NA,NA,NA,NA,NA,1127.678925781,1127.763392703,1127.763392703,1127.763392703,1127.74490714367,1157.761106566,1157.761106566,1157.761106566,1157.754576874,"['k', 'l', 'k', 'j', 'l', 'k', 'k']","[2.822904916000425, 4.40714822200016, 12.856883803000073, 17.754309359000217, 19.762021667000226, 28.954137397000068, 29.214664242000254]","[None, None, None, None, None, None, None]",NA,NA,NA,NA,NA,NA,"",NA,"",NA,NA,NA,NA,NA,NA,NA,NA,NA,NA,NA,NA,NA,NA,NA,NA,NA,NA,NA,NA,NA,NA,"",NA,NA,NA,NA,1,1,1,1,"2024-01-18_11h34.09.566","VR_setting","2023.2.3",NA,"2024-01-18 11h34.20.546445 +0100",NA
"","","audio/white.wav.wav","",NA,"images/MAM11HAS.png","images/MAM11NES.png",0,0,NA,NA,NA,NA,NA,NA,NA,NA,NA,NA,NA,NA,NA,NA,NA,NA,NA,NA,NA,NA,NA,NA,NA,NA,NA,NA,NA,NA,NA,NA,NA,NA,NA,1,0,1,0,NA,NA,NA,NA,2,0,8,2,NA,NA,NA,NA,NA,NA,NA,NA,NA,NA,NA,NA,NA,NA,NA,NA,NA,NA,NA,NA,NA,NA,NA,NA,NA,NA,NA,NA,NA,NA,NA,NA,NA,NA,NA,NA,1159.760993811,NA,NA,NA,NA,NA,NA,NA,NA,NA,NA,NA,NA,NA,NA,NA,1159.754226863,1162.753180921,NA,NA,NA,NA,NA,NA,NA,NA,"","","",1192.802415106,1194.79438142,NA,NA,NA,"",NA,"",NA,NA,NA,NA,NA,NA,NA,NA,NA,NA,NA,NA,NA,NA,NA,NA,NA,NA,NA,NA,NA,1162.753198722,1162.81639466,1162.81639466,1162.81639466,1162.802570701,1192.810972786,1192.810972786,1192.810972786,1192.801957373,"['l', 'k', 'l', 'k', 'k', 'l']","[2.4810561290000805, 9.949218359000042, 17.95267235500023, 20.736821209000027, 25.967699024000012, 29.7814654040003]","[None, None, None, None, None, None]",NA,NA,NA,NA,NA,NA,"",NA,"",NA,NA,NA,NA,NA,NA,NA,NA,NA,NA,NA,NA,NA,NA,NA,NA,NA,NA,NA,NA,NA,NA,"",NA,NA,NA,NA,1,1,1,1,"2024-01-18_11h34.09.566","VR_setting","2023.2.3",NA,"2024-01-18 11h34.20.546445 +0100",NA
"","","audio/white.wav.wav","",NA,"images/MAM11NES.png","images/MAM11HAS.png",0,0,NA,NA,NA,NA,NA,NA,NA,NA,NA,NA,NA,NA,NA,NA,NA,NA,NA,NA,NA,NA,NA,NA,NA,NA,NA,NA,NA,NA,NA,NA,NA,NA,NA,1,0,1,0,NA,NA,NA,NA,2,1,9,3,NA,NA,NA,NA,NA,NA,NA,NA,NA,NA,NA,NA,NA,NA,NA,NA,NA,NA,NA,NA,NA,NA,NA,NA,NA,NA,NA,NA,NA,NA,NA,NA,NA,NA,NA,NA,1194.802056867,NA,NA,NA,NA,NA,NA,NA,NA,NA,NA,NA,NA,NA,NA,NA,1194.794845092,1197.793873639,NA,NA,NA,NA,NA,NA,NA,NA,"","","",1227.852662124,1229.851797542,NA,NA,NA,"",NA,"",NA,NA,NA,NA,NA,NA,NA,NA,NA,NA,NA,NA,NA,NA,NA,NA,NA,NA,NA,NA,NA,1197.793893234,1197.861631017,1197.861631017,1197.861631017,1197.84317916,1227.859208712,1227.859208712,1227.859208712,1227.852230688,"['k', 'l', 'k']","[1.310216023999601, 8.868947194999691, 10.927050127999792]","[None, None, None]",NA,NA,NA,NA,NA,NA,"",NA,"",NA,NA,NA,NA,NA,NA,NA,NA,NA,NA,NA,NA,NA,NA,NA,NA,NA,NA,NA,NA,NA,NA,"",NA,NA,NA,NA,1,1,1,1,"2024-01-18_11h34.09.566","VR_setting","2023.2.3",NA,"2024-01-18 11h34.20.546445 +0100",NA
"","","audio/tri_5Hz_-6dBFS_31s.wav","",NA,"images/MAM11HAS.png","images/MAM11NES.png",1,5,NA,NA,NA,NA,NA,NA,NA,NA,NA,NA,NA,NA,NA,NA,NA,NA,NA,NA,NA,NA,NA,NA,NA,NA,NA,NA,NA,NA,NA,NA,NA,NA,NA,1,0,1,0,NA,NA,NA,NA,2,2,10,0,NA,NA,NA,NA,NA,NA,NA,NA,NA,NA,NA,NA,NA,NA,NA,NA,NA,NA,NA,NA,NA,NA,NA,NA,NA,NA,NA,NA,NA,NA,NA,NA,NA,NA,NA,NA,1229.858923,NA,NA,NA,NA,NA,NA,NA,NA,NA,NA,NA,NA,NA,NA,NA,1229.85217854,1232.848320433,NA,NA,NA,NA,NA,NA,NA,NA,"","","",1262.926764412,1264.925534401,NA,NA,NA,"",NA,"",NA,NA,NA,NA,NA,NA,NA,NA,NA,NA,NA,NA,NA,NA,NA,NA,NA,NA,NA,NA,NA,1232.848348481,1232.936757979,1232.936757979,1232.936757979,1232.91385802967,1262.932785283,1262.932785283,1262.932785283,1262.926299989,"['l', 'k', 'l', 'k', 'l']","[2.2313262760003454, 7.090597535000143, 14.859272951000094, 26.087426434000008, 28.15208105900001]","[None, None, None, None, None]",NA,NA,NA,NA,NA,NA,"",NA,"",NA,NA,NA,NA,NA,NA,NA,NA,NA,NA,NA,NA,NA,NA,NA,NA,NA,NA,NA,NA,NA,NA,"",NA,NA,NA,NA,1,1,1,1,"2024-01-18_11h34.09.566","VR_setting","2023.2.3",NA,"2024-01-18 11h34.20.546445 +0100",NA
"","","audio/tri_5Hz_-6dBFS_31s.wav","",NA,"images/MAM11NES.png","images/MAM11HAS.png",1,5,NA,NA,NA,NA,NA,NA,NA,NA,NA,NA,NA,NA,NA,NA,NA,NA,NA,NA,NA,NA,NA,NA,NA,NA,NA,NA,NA,NA,NA,NA,NA,NA,NA,1,0,1,0,NA,NA,NA,NA,2,3,11,1,NA,NA,NA,NA,NA,NA,NA,NA,NA,NA,NA,NA,NA,NA,NA,NA,NA,NA,NA,NA,NA,NA,NA,NA,NA,NA,NA,NA,NA,NA,NA,NA,NA,NA,NA,NA,1264.932544931,NA,NA,NA,NA,NA,NA,NA,NA,NA,NA,NA,NA,NA,NA,NA,1264.92595949,1267.924752106,NA,NA,NA,NA,NA,NA,NA,NA,"","","",1298.000793371,1299.999529145,NA,NA,NA,"",NA,"",NA,NA,NA,NA,NA,NA,NA,NA,NA,NA,NA,NA,NA,NA,NA,NA,NA,NA,NA,NA,NA,1267.924774604,1268.006838789,1268.006838789,1268.006838789,1267.973988484,1298.007666358,1298.007666358,1298.007666358,1298.000187994,"['k', 'l', 'k', 'l', 'k']","[1.133985955999833, 9.521229767000023, 11.515471614000035, 19.07082755900001, 25.34849393000013]","[None, None, None, None, None]",NA,NA,NA,NA,NA,NA,"",NA,"",NA,NA,NA,NA,NA,NA,NA,NA,NA,NA,NA,NA,NA,NA,NA,NA,NA,NA,NA,NA,NA,NA,"",NA,NA,NA,NA,1,1,1,1,"2024-01-18_11h34.09.566","VR_setting","2023.2.3",NA,"2024-01-18 11h34.20.546445 +0100",NA
"","","audio/white.wav.wav","",NA,"images/MAM11BFI.png","images/MAM11NES.png",0,0,NA,NA,NA,NA,NA,NA,NA,NA,NA,NA,NA,NA,NA,NA,NA,NA,NA,NA,NA,NA,NA,NA,NA,NA,NA,NA,NA,NA,NA,NA,NA,NA,NA,NA,NA,NA,NA,NA,NA,NA,NA,NA,NA,NA,NA,NA,NA,NA,NA,NA,NA,NA,NA,0,0,0,0,NA,NA,NA,NA,NA,NA,NA,NA,NA,NA,NA,NA,0,0,0,3,NA,NA,NA,NA,NA,NA,NA,NA,1340.957554717,NA,NA,NA,NA,NA,NA,NA,NA,NA,NA,NA,NA,NA,NA,NA,1340.947621431,1343.942779777,NA,NA,NA,NA,NA,NA,NA,NA,"","","",1374.013766141,1376.012397689,NA,NA,NA,"",NA,"",NA,NA,NA,NA,NA,NA,NA,NA,NA,NA,NA,NA,NA,NA,NA,NA,NA,NA,NA,NA,NA,1343.942800394,1344.02297205,1344.02297205,1344.02297205,1344.00861618567,1374.024745351,1374.024745351,1374.024745351,1374.012717174,"['j', 'k', 'j']","[1.4272806730000411, 12.879104067000299, 15.559752070000286]","[None, None, None]",1300.008757622,1300.009245983,1300.00926535,1300.016790066,1300.016790066,1332.333225604,"space",32.3138444229999,"None",NA,NA,NA,NA,1332.346153016,1332.375415367,1332.375415367,1340.93912254,NA,NA,NA,NA,NA,NA,NA,NA,NA,NA,NA,NA,NA,NA,"",NA,NA,NA,NA,1,1,1,1,"2024-01-18_11h34.09.566","VR_setting","2023.2.3",NA,"2024-01-18 11h34.20.546445 +0100",NA
"","","audio/white.wav.wav","",NA,"images/MAM11NES.png","images/MAM11BFI.png",0,0,NA,NA,NA,NA,NA,NA,NA,NA,NA,NA,NA,NA,NA,NA,NA,NA,NA,NA,NA,NA,NA,NA,NA,NA,NA,NA,NA,NA,NA,NA,NA,NA,NA,NA,NA,NA,NA,NA,NA,NA,NA,NA,NA,NA,NA,NA,NA,NA,NA,NA,NA,NA,NA,0,0,0,0,NA,NA,NA,NA,NA,NA,NA,NA,NA,NA,NA,NA,0,1,1,2,NA,NA,NA,NA,NA,NA,NA,NA,1376.019699647,NA,NA,NA,NA,NA,NA,NA,NA,NA,NA,NA,NA,NA,NA,NA,1376.012806054,1379.01171997,NA,NA,NA,NA,NA,NA,NA,NA,"","","",1409.060282179,1411.059604172,NA,NA,NA,"",NA,"",NA,NA,NA,NA,NA,NA,NA,NA,NA,NA,NA,NA,NA,NA,NA,NA,NA,NA,NA,NA,NA,1379.011761397,1379.075709081,1379.075709081,1379.075709081,1379.07770665467,1409.069776648,1409.069776648,1409.069776648,1409.059759106,"['k', 'j', 'l', 'j', 'k', 'j', 'k', 'k']","[1.3273481440000978, 3.856395343999793, 5.107303976999901, 7.295017749000181, 9.466500537000229, 17.971300791999965, 20.987208682000073, 27.96792887399988]","[None, None, None, None, None, None, None, None]",NA,NA,NA,NA,NA,NA,"",NA,"",NA,NA,NA,NA,NA,NA,NA,NA,NA,NA,NA,NA,NA,NA,NA,NA,NA,NA,NA,NA,NA,NA,"",NA,NA,NA,NA,1,1,1,1,"2024-01-18_11h34.09.566","VR_setting","2023.2.3",NA,"2024-01-18 11h34.20.546445 +0100",NA
"","","audio/tri_5Hz_-6dBFS_31s.wav","",NA,"images/MAM11BFI.png","images/MAM11NES.png",1,5,NA,NA,NA,NA,NA,NA,NA,NA,NA,NA,NA,NA,NA,NA,NA,NA,NA,NA,NA,NA,NA,NA,NA,NA,NA,NA,NA,NA,NA,NA,NA,NA,NA,NA,NA,NA,NA,NA,NA,NA,NA,NA,NA,NA,NA,NA,NA,NA,NA,NA,NA,NA,NA,0,0,0,0,NA,NA,NA,NA,NA,NA,NA,NA,NA,NA,NA,NA,0,2,2,1,NA,NA,NA,NA,NA,NA,NA,NA,1411.069324212,NA,NA,NA,NA,NA,NA,NA,NA,NA,NA,NA,NA,NA,NA,NA,1411.060001277,1414.05253171,NA,NA,NA,NA,NA,NA,NA,NA,"","","",1444.127956122,1446.126774896,NA,NA,NA,"",NA,"",NA,NA,NA,NA,NA,NA,NA,NA,NA,NA,NA,NA,NA,NA,NA,NA,NA,NA,NA,NA,NA,1414.052550325,1414.134187745,1414.134187745,1414.134187745,1414.11852471067,1444.134068087,1444.134068087,1444.134068087,1444.127474794,"['j']","[1.851174391999848]","[None]",NA,NA,NA,NA,NA,NA,"",NA,"",NA,NA,NA,NA,NA,NA,NA,NA,NA,NA,NA,NA,NA,NA,NA,NA,NA,NA,NA,NA,NA,NA,"",NA,NA,NA,NA,1,1,1,1,"2024-01-18_11h34.09.566","VR_setting","2023.2.3",NA,"2024-01-18 11h34.20.546445 +0100",NA
"","","audio/tri_5Hz_-6dBFS_31s.wav","",NA,"images/MAM11NES.png","images/MAM11BFI.png",1,5,NA,NA,NA,NA,NA,NA,NA,NA,NA,NA,NA,NA,NA,NA,NA,NA,NA,NA,NA,NA,NA,NA,NA,NA,NA,NA,NA,NA,NA,NA,NA,NA,NA,NA,NA,NA,NA,NA,NA,NA,NA,NA,NA,NA,NA,NA,NA,NA,NA,NA,NA,NA,NA,0,0,0,0,NA,NA,NA,NA,NA,NA,NA,NA,NA,NA,NA,NA,0,3,3,0,NA,NA,NA,NA,NA,NA,NA,NA,1446.133543947,NA,NA,NA,NA,NA,NA,NA,NA,NA,NA,NA,NA,NA,NA,NA,1446.127138688,1449.126519992,NA,NA,NA,NA,NA,NA,NA,NA,"","","",1479.202132152,1481.200936016,NA,NA,NA,"",NA,"",NA,NA,NA,NA,NA,NA,NA,NA,NA,NA,NA,NA,NA,NA,NA,NA,NA,NA,NA,NA,NA,1449.126539484,1449.211812931,1449.211812931,1449.211812931,1449.175904118,1479.208318362,1479.208318362,1479.208318362,1479.201638905,"['k', 'j', 'k', 'j', 'k']","[1.4988273339999978, 11.290542965999975, 14.012357890000203, 21.40017126900011, 26.003608889000134]","[None, None, None, None, None]",NA,NA,NA,NA,NA,NA,"",NA,"",NA,NA,NA,NA,NA,NA,NA,NA,NA,NA,NA,NA,NA,NA,NA,NA,NA,NA,NA,NA,NA,NA,"",NA,NA,NA,NA,1,1,1,1,"2024-01-18_11h34.09.566","VR_setting","2023.2.3",NA,"2024-01-18 11h34.20.546445 +0100",NA
"","","audio/tri_5Hz_-6dBFS_31s.wav","",NA,"images/MAM11NES.png","images/MAM11BFI.png",1,5,NA,NA,NA,NA,NA,NA,NA,NA,NA,NA,NA,NA,NA,NA,NA,NA,NA,NA,NA,NA,NA,NA,NA,NA,NA,NA,NA,NA,NA,NA,NA,NA,NA,NA,NA,NA,NA,NA,NA,NA,NA,NA,NA,NA,NA,NA,NA,NA,NA,NA,NA,NA,NA,0,0,0,0,NA,NA,NA,NA,NA,NA,NA,NA,NA,NA,NA,NA,1,0,4,0,NA,NA,NA,NA,NA,NA,NA,NA,1481.207668926,NA,NA,NA,NA,NA,NA,NA,NA,NA,NA,NA,NA,NA,NA,NA,1481.201296691,1484.200205861,NA,NA,NA,NA,NA,NA,NA,NA,"","","",1514.248659428,1516.241558715,NA,NA,NA,"",NA,"",NA,NA,NA,NA,NA,NA,NA,NA,NA,NA,NA,NA,NA,NA,NA,NA,NA,NA,NA,NA,NA,1484.200224816,1484.264262124,1484.264262124,1484.264262124,1484.26612943767,1514.258240188,1514.258240188,1514.258240188,1514.248115873,"['k', 'j', 'k', 'l']","[1.5052830260001429, 11.344941244999973, 13.843700870000248, 29.16311405400029]","[None, None, None, None]",NA,NA,NA,NA,NA,NA,"",NA,"",NA,NA,NA,NA,NA,NA,NA,NA,NA,NA,NA,NA,NA,NA,NA,NA,NA,NA,NA,NA,NA,NA,"",NA,NA,NA,NA,1,1,1,1,"2024-01-18_11h34.09.566","VR_setting","2023.2.3",NA,"2024-01-18 11h34.20.546445 +0100",NA
"","","audio/tri_5Hz_-6dBFS_31s.wav","",NA,"images/MAM11BFI.png","images/MAM11NES.png",1,5,NA,NA,NA,NA,NA,NA,NA,NA,NA,NA,NA,NA,NA,NA,NA,NA,NA,NA,NA,NA,NA,NA,NA,NA,NA,NA,NA,NA,NA,NA,NA,NA,NA,NA,NA,NA,NA,NA,NA,NA,NA,NA,NA,NA,NA,NA,NA,NA,NA,NA,NA,NA,NA,0,0,0,0,NA,NA,NA,NA,NA,NA,NA,NA,NA,NA,NA,NA,1,1,5,1,NA,NA,NA,NA,NA,NA,NA,NA,1516.248645808,NA,NA,NA,NA,NA,NA,NA,NA,NA,NA,NA,NA,NA,NA,NA,1516.241964349,1519.240573985,NA,NA,NA,NA,NA,NA,NA,NA,"","","",1549.316683737,1551.315628057,NA,NA,NA,"",NA,"",NA,NA,NA,NA,NA,NA,NA,NA,NA,NA,NA,NA,NA,NA,NA,NA,NA,NA,NA,NA,NA,1519.240599922,1519.32689367,1519.32689367,1519.32689367,1519.30657277367,1549.322728649,1549.322728649,1549.322728649,1549.316127642,"['j']","[1.4798325070000828]","[None]",NA,NA,NA,NA,NA,NA,"",NA,"",NA,NA,NA,NA,NA,NA,NA,NA,NA,NA,NA,NA,NA,NA,NA,NA,NA,NA,NA,NA,NA,NA,"",NA,NA,NA,NA,1,1,1,1,"2024-01-18_11h34.09.566","VR_setting","2023.2.3",NA,"2024-01-18 11h34.20.546445 +0100",NA
"","","audio/white.wav.wav","",NA,"images/MAM11BFI.png","images/MAM11NES.png",0,0,NA,NA,NA,NA,NA,NA,NA,NA,NA,NA,NA,NA,NA,NA,NA,NA,NA,NA,NA,NA,NA,NA,NA,NA,NA,NA,NA,NA,NA,NA,NA,NA,NA,NA,NA,NA,NA,NA,NA,NA,NA,NA,NA,NA,NA,NA,NA,NA,NA,NA,NA,NA,NA,0,0,0,0,NA,NA,NA,NA,NA,NA,NA,NA,NA,NA,NA,NA,1,2,6,3,NA,NA,NA,NA,NA,NA,NA,NA,1551.322764822,NA,NA,NA,NA,NA,NA,NA,NA,NA,NA,NA,NA,NA,NA,NA,1551.316014315,1554.314748266,NA,NA,NA,NA,NA,NA,NA,NA,"","","",1584.363563732,1586.356339298,NA,NA,NA,"",NA,"",NA,NA,NA,NA,NA,NA,NA,NA,NA,NA,NA,NA,NA,NA,NA,NA,NA,NA,NA,NA,NA,1554.314766356,1554.37525132,1554.37525132,1554.37525132,1554.364078688,1584.372743751,1584.372743751,1584.372743751,1584.363100583,"['j']","[1.5147002849998898]","[None]",NA,NA,NA,NA,NA,NA,"",NA,"",NA,NA,NA,NA,NA,NA,NA,NA,NA,NA,NA,NA,NA,NA,NA,NA,NA,NA,NA,NA,NA,NA,"",NA,NA,NA,NA,1,1,1,1,"2024-01-18_11h34.09.566","VR_setting","2023.2.3",NA,"2024-01-18 11h34.20.546445 +0100",NA
"","","audio/white.wav.wav","",NA,"images/MAM11NES.png","images/MAM11BFI.png",0,0,NA,NA,NA,NA,NA,NA,NA,NA,NA,NA,NA,NA,NA,NA,NA,NA,NA,NA,NA,NA,NA,NA,NA,NA,NA,NA,NA,NA,NA,NA,NA,NA,NA,NA,NA,NA,NA,NA,NA,NA,NA,NA,NA,NA,NA,NA,NA,NA,NA,NA,NA,NA,NA,0,0,0,0,NA,NA,NA,NA,NA,NA,NA,NA,NA,NA,NA,NA,1,3,7,2,NA,NA,NA,NA,NA,NA,NA,NA,1586.363400003,NA,NA,NA,NA,NA,NA,NA,NA,NA,NA,NA,NA,NA,NA,NA,1586.356822628,1589.355705676,NA,NA,NA,NA,NA,NA,NA,NA,"","","",1619.404094713,1621.396872074,NA,NA,NA,"",NA,"",NA,NA,NA,NA,NA,NA,NA,NA,NA,NA,NA,NA,NA,NA,NA,NA,NA,NA,NA,NA,NA,1589.355724381,1589.419186344,1589.419186344,1589.419186344,1589.405053442,1619.413439367,1619.413439367,1619.413439367,1619.403669961,"['k', 'l', 'j', 'k', 'j', 'k', 'j', 'k', 'l']","[1.5613272929999766, 2.813064598999972, 4.468702487999963, 6.59178719800002, 12.061353895000138, 15.070512409999992, 17.765567243000078, 21.131400699000096, 29.64040850900028]","[None, None, None, None, None, None, None, None, None]",NA,NA,NA,NA,NA,NA,"",NA,"",NA,NA,NA,NA,NA,NA,NA,NA,NA,NA,NA,NA,NA,NA,NA,NA,NA,NA,NA,NA,NA,NA,"",NA,NA,NA,NA,1,1,1,1,"2024-01-18_11h34.09.566","VR_setting","2023.2.3",NA,"2024-01-18 11h34.20.546445 +0100",NA
"","","audio/white.wav.wav","",NA,"images/MAM11BFI.png","images/MAM11NES.png",0,0,NA,NA,NA,NA,NA,NA,NA,NA,NA,NA,NA,NA,NA,NA,NA,NA,NA,NA,NA,NA,NA,NA,NA,NA,NA,NA,NA,NA,NA,NA,NA,NA,NA,NA,NA,NA,NA,NA,NA,NA,NA,NA,NA,NA,NA,NA,NA,NA,NA,NA,NA,NA,NA,0,0,0,0,NA,NA,NA,NA,NA,NA,NA,NA,NA,NA,NA,NA,2,0,8,3,NA,NA,NA,NA,NA,NA,NA,NA,1621.404214682,NA,NA,NA,NA,NA,NA,NA,NA,NA,NA,NA,NA,NA,NA,NA,1621.397295987,1624.395890397,NA,NA,NA,NA,NA,NA,NA,NA,"","","",1654.471813269,1656.47069604,NA,NA,NA,"",NA,"",NA,NA,NA,NA,NA,NA,NA,NA,NA,NA,NA,NA,NA,NA,NA,NA,NA,NA,NA,NA,NA,1624.39591651,1624.481305719,1624.481305719,1624.481305719,1624.46176202367,1654.477991526,1654.477991526,1654.477991526,1654.471341955,"['j']","[1.3879182910000054]","[None]",NA,NA,NA,NA,NA,NA,"",NA,"",NA,NA,NA,NA,NA,NA,NA,NA,NA,NA,NA,NA,NA,NA,NA,NA,NA,NA,NA,NA,NA,NA,"",NA,NA,NA,NA,1,1,1,1,"2024-01-18_11h34.09.566","VR_setting","2023.2.3",NA,"2024-01-18 11h34.20.546445 +0100",NA
"","","audio/white.wav.wav","",NA,"images/MAM11NES.png","images/MAM11BFI.png",0,0,NA,NA,NA,NA,NA,NA,NA,NA,NA,NA,NA,NA,NA,NA,NA,NA,NA,NA,NA,NA,NA,NA,NA,NA,NA,NA,NA,NA,NA,NA,NA,NA,NA,NA,NA,NA,NA,NA,NA,NA,NA,NA,NA,NA,NA,NA,NA,NA,NA,NA,NA,NA,NA,0,0,0,0,NA,NA,NA,NA,NA,NA,NA,NA,NA,NA,NA,NA,2,1,9,2,NA,NA,NA,NA,NA,NA,NA,NA,1656.477680999,NA,NA,NA,NA,NA,NA,NA,NA,NA,NA,NA,NA,NA,NA,NA,1656.471092327,1659.470111815,NA,NA,NA,NA,NA,NA,NA,NA,"","","",1689.518924716,1691.511644362,NA,NA,NA,"",NA,"",NA,NA,NA,NA,NA,NA,NA,NA,NA,NA,NA,NA,NA,NA,NA,NA,NA,NA,NA,NA,NA,1659.470167745,1659.533674873,1659.533674873,1659.533674873,1659.519452105,1689.52784513,1689.52784513,1689.52784513,1689.518399918,"['k', 'j', 'k', 'l', 'j', 'k', 'l', 'k', 'l', 'k', 'j', 'k', 'j', 'k']","[1.3260479770001439, 4.439981034000084, 6.2917353429998, 7.135256218999984, 8.537196970999958, 10.340607618999911, 12.677752062999843, 13.26076481400014, 15.730319479000173, 17.222773504000088, 20.346806662999825, 22.810719086000063, 25.40512789000013, 28.6954533789999]","[None, None, None, None, None, None, None, None, None, None, None, None, None, None]",NA,NA,NA,NA,NA,NA,"",NA,"",NA,NA,NA,NA,NA,NA,NA,NA,NA,NA,NA,NA,NA,NA,NA,NA,NA,NA,NA,NA,NA,NA,"",NA,NA,NA,NA,1,1,1,1,"2024-01-18_11h34.09.566","VR_setting","2023.2.3",NA,"2024-01-18 11h34.20.546445 +0100",NA
"","","audio/tri_5Hz_-6dBFS_31s.wav","",NA,"images/MAM11BFI.png","images/MAM11NES.png",1,5,NA,NA,NA,NA,NA,NA,NA,NA,NA,NA,NA,NA,NA,NA,NA,NA,NA,NA,NA,NA,NA,NA,NA,NA,NA,NA,NA,NA,NA,NA,NA,NA,NA,NA,NA,NA,NA,NA,NA,NA,NA,NA,NA,NA,NA,NA,NA,NA,NA,NA,NA,NA,NA,0,0,0,0,NA,NA,NA,NA,NA,NA,NA,NA,NA,NA,NA,NA,2,2,10,1,NA,NA,NA,NA,NA,NA,NA,NA,1691.519468419,NA,NA,NA,NA,NA,NA,NA,NA,NA,NA,NA,NA,NA,NA,NA,1691.512067817,1694.510621144,NA,NA,NA,NA,NA,NA,NA,NA,"","","",1724.586333899,1726.585245107,NA,NA,NA,"",NA,"",NA,NA,NA,NA,NA,NA,NA,NA,NA,NA,NA,NA,NA,NA,NA,NA,NA,NA,NA,NA,NA,1694.5106471,1694.592821354,1694.592821354,1694.592821354,1694.57656864967,1724.592277307,1724.592277307,1724.592277307,1724.585883494,"['j']","[1.0253745750001144]","[None]",NA,NA,NA,NA,NA,NA,"",NA,"",NA,NA,NA,NA,NA,NA,NA,NA,NA,NA,NA,NA,NA,NA,NA,NA,NA,NA,NA,NA,NA,NA,"",NA,NA,NA,NA,1,1,1,1,"2024-01-18_11h34.09.566","VR_setting","2023.2.3",NA,"2024-01-18 11h34.20.546445 +0100",NA
"","","audio/tri_5Hz_-6dBFS_31s.wav","",NA,"images/MAM11NES.png","images/MAM11BFI.png",1,5,NA,NA,NA,NA,NA,NA,NA,NA,NA,NA,NA,NA,NA,NA,NA,NA,NA,NA,NA,NA,NA,NA,NA,NA,NA,NA,NA,NA,NA,NA,NA,NA,NA,NA,NA,NA,NA,NA,NA,NA,NA,NA,NA,NA,NA,NA,NA,NA,NA,NA,NA,NA,NA,0,0,0,0,NA,NA,NA,NA,NA,NA,NA,NA,NA,NA,NA,NA,2,3,11,0,NA,NA,NA,NA,NA,NA,NA,NA,1726.59258618,NA,NA,NA,NA,NA,NA,NA,NA,NA,NA,NA,NA,NA,NA,NA,1726.585687073,1729.584148779,NA,NA,NA,NA,NA,NA,NA,NA,"","","",1759.643580415,1761.642689339,NA,NA,NA,"",NA,"",NA,NA,NA,NA,NA,NA,NA,NA,NA,NA,NA,NA,NA,NA,NA,NA,NA,NA,NA,NA,NA,1729.584184431,1729.650209022,1729.650209022,1729.650209022,1729.65016948567,1759.649235198,1759.649235198,1759.649235198,1759.642865094,"['k', 'j', 'k', 'l', 'j', 'k', 'l', 'j', 'k']","[1.452111518000038, 8.449198005000198, 12.920752945999993, 14.5421612250002, 16.566438838000067, 18.503555432000212, 22.56898546900038, 23.578309343, 25.815683941000316]","[None, None, None, None, None, None, None, None, None]",NA,NA,NA,NA,NA,NA,"",NA,"",NA,NA,NA,NA,NA,NA,NA,NA,NA,NA,NA,NA,NA,NA,NA,NA,NA,NA,NA,NA,NA,NA,"",NA,NA,NA,NA,1,1,1,1,"2024-01-18_11h34.09.566","VR_setting","2023.2.3",NA,"2024-01-18 11h34.20.546445 +0100",NA
"","","audio/white.wav.wav","",NA,"images/MAM11NES.png","images/MAM11HAS.png",0,0,NA,NA,NA,NA,NA,NA,NA,NA,NA,NA,NA,NA,NA,NA,NA,NA,NA,NA,NA,NA,NA,NA,NA,NA,NA,NA,NA,NA,NA,NA,NA,NA,NA,NA,NA,NA,NA,NA,NA,NA,NA,NA,NA,NA,NA,NA,NA,NA,NA,NA,NA,NA,NA,1,0,1,0,NA,NA,NA,NA,0,0,0,3,NA,NA,NA,NA,NA,NA,NA,NA,NA,NA,NA,NA,NA,NA,NA,NA,1824.160621751,NA,NA,NA,NA,NA,NA,NA,NA,NA,NA,NA,NA,NA,NA,NA,1824.1446004,1827.14810707,NA,NA,NA,NA,NA,NA,NA,NA,"","","",1857.20784717,1859.199788835,NA,NA,NA,"",NA,"",NA,NA,NA,NA,NA,NA,NA,NA,NA,NA,NA,NA,NA,NA,NA,NA,NA,NA,NA,NA,NA,1827.148126773,1827.217941716,1827.217941716,1827.217941716,1827.21378245367,1857.21637552,1857.21637552,1857.21637552,1857.207016343,"['k', 'j', 'k', 'j', 'k', 'j']","[1.9951654330002384, 5.952343669000129, 7.243919856000048, 18.8989604530002, 20.444391285000165, 28.3681946050001]","[None, None, None, None, None, None]",1761.642838717,1761.64328177,1761.643298915,1761.650802203,1761.650802203,1769.15788479,"space",7.49229927100032,"None",NA,NA,NA,NA,NA,NA,NA,NA,1769.159382803,1769.166807567,1769.166807567,1824.133050769,NA,NA,NA,NA,NA,NA,NA,NA,NA,NA,"",NA,NA,NA,NA,1,1,1,1,"2024-01-18_11h34.09.566","VR_setting","2023.2.3",NA,"2024-01-18 11h34.20.546445 +0100",NA
"","","audio/white.wav.wav","",NA,"images/MAM11HAS.png","images/MAM11NES.png",0,0,NA,NA,NA,NA,NA,NA,NA,NA,NA,NA,NA,NA,NA,NA,NA,NA,NA,NA,NA,NA,NA,NA,NA,NA,NA,NA,NA,NA,NA,NA,NA,NA,NA,NA,NA,NA,NA,NA,NA,NA,NA,NA,NA,NA,NA,NA,NA,NA,NA,NA,NA,NA,NA,1,0,1,0,NA,NA,NA,NA,0,1,1,2,NA,NA,NA,NA,NA,NA,NA,NA,NA,NA,NA,NA,NA,NA,NA,NA,1859.20690394,NA,NA,NA,NA,NA,NA,NA,NA,NA,NA,NA,NA,NA,NA,NA,1859.200185931,1862.198774754,NA,NA,NA,NA,NA,NA,NA,NA,"","","",1892.257889598,1894.246870059,NA,NA,NA,"",NA,"",NA,NA,NA,NA,NA,NA,NA,NA,NA,NA,NA,NA,NA,NA,NA,NA,NA,NA,NA,NA,NA,1862.198794283,1862.268606956,1862.268606956,1862.268606956,1862.26462945367,1892.263616027,1892.263616027,1892.263616027,1892.257547756,"['j']","[1.1381128790003459]","[None]",NA,NA,NA,NA,NA,NA,"",NA,"",NA,NA,NA,NA,NA,NA,NA,NA,NA,NA,NA,NA,NA,NA,NA,NA,NA,NA,NA,NA,NA,NA,"",NA,NA,NA,NA,1,1,1,1,"2024-01-18_11h34.09.566","VR_setting","2023.2.3",NA,"2024-01-18 11h34.20.546445 +0100",NA
"","","audio/tri_5Hz_-6dBFS_31s.wav","",NA,"images/MAM11HAS.png","images/MAM11NES.png",1,5,NA,NA,NA,NA,NA,NA,NA,NA,NA,NA,NA,NA,NA,NA,NA,NA,NA,NA,NA,NA,NA,NA,NA,NA,NA,NA,NA,NA,NA,NA,NA,NA,NA,NA,NA,NA,NA,NA,NA,NA,NA,NA,NA,NA,NA,NA,NA,NA,NA,NA,NA,NA,NA,1,0,1,0,NA,NA,NA,NA,0,2,2,0,NA,NA,NA,NA,NA,NA,NA,NA,NA,NA,NA,NA,NA,NA,NA,NA,1894.256314086,NA,NA,NA,NA,NA,NA,NA,NA,NA,NA,NA,NA,NA,NA,NA,1894.247293385,1897.250663152,NA,NA,NA,NA,NA,NA,NA,NA,"","","",1927.338877406,1929.333751382,NA,NA,NA,"",NA,"",NA,NA,NA,NA,NA,NA,NA,NA,NA,NA,NA,NA,NA,NA,NA,NA,NA,NA,NA,NA,NA,1897.250694308,1897.340673839,1897.340673839,1897.340673839,1897.33301074133,1927.345280694,1927.345280694,1927.345280694,1927.338204078,"['k', 'j', 'k', 'j', 'k', 'j']","[1.7152041459999054, 3.3159807990000445, 11.698529589999907, 15.044715909999923, 20.85883600599982, 25.54489696199971]","[None, None, None, None, None, None]",NA,NA,NA,NA,NA,NA,"",NA,"",NA,NA,NA,NA,NA,NA,NA,NA,NA,NA,NA,NA,NA,NA,NA,NA,NA,NA,NA,NA,NA,NA,"",NA,NA,NA,NA,1,1,1,1,"2024-01-18_11h34.09.566","VR_setting","2023.2.3",NA,"2024-01-18 11h34.20.546445 +0100",NA
"","","audio/tri_5Hz_-6dBFS_31s.wav","",NA,"images/MAM11NES.png","images/MAM11HAS.png",1,5,NA,NA,NA,NA,NA,NA,NA,NA,NA,NA,NA,NA,NA,NA,NA,NA,NA,NA,NA,NA,NA,NA,NA,NA,NA,NA,NA,NA,NA,NA,NA,NA,NA,NA,NA,NA,NA,NA,NA,NA,NA,NA,NA,NA,NA,NA,NA,NA,NA,NA,NA,NA,NA,1,0,1,0,NA,NA,NA,NA,0,3,3,1,NA,NA,NA,NA,NA,NA,NA,NA,NA,NA,NA,NA,NA,NA,NA,NA,1929.354765993,NA,NA,NA,NA,NA,NA,NA,NA,NA,NA,NA,NA,NA,NA,NA,1929.334255671,1932.346832702,NA,NA,NA,NA,NA,NA,NA,NA,"","","",1962.406215104,1964.405001237,NA,NA,NA,"",NA,"",NA,NA,NA,NA,NA,NA,NA,NA,NA,NA,NA,NA,NA,NA,NA,NA,NA,NA,NA,NA,NA,1932.346855615,1932.414347098,1932.414347098,1932.414347098,1932.41279395767,1962.412565665,1962.412565665,1962.412565665,1962.405795635,"['k', 'j', 'k', 'j']","[2.470760021999922, 11.154579880000256, 13.430463685000177, 23.17701517500018]","[None, None, None, None]",NA,NA,NA,NA,NA,NA,"",NA,"",NA,NA,NA,NA,NA,NA,NA,NA,NA,NA,NA,NA,NA,NA,NA,NA,NA,NA,NA,NA,NA,NA,"",NA,NA,NA,NA,1,1,1,1,"2024-01-18_11h34.09.566","VR_setting","2023.2.3",NA,"2024-01-18 11h34.20.546445 +0100",NA
"","","audio/white.wav.wav","",NA,"images/MAM11HAS.png","images/MAM11NES.png",0,0,NA,NA,NA,NA,NA,NA,NA,NA,NA,NA,NA,NA,NA,NA,NA,NA,NA,NA,NA,NA,NA,NA,NA,NA,NA,NA,NA,NA,NA,NA,NA,NA,NA,NA,NA,NA,NA,NA,NA,NA,NA,NA,NA,NA,NA,NA,NA,NA,NA,NA,NA,NA,NA,1,0,1,0,NA,NA,NA,NA,1,0,4,2,NA,NA,NA,NA,NA,NA,NA,NA,NA,NA,NA,NA,NA,NA,NA,NA,1964.41282826,NA,NA,NA,NA,NA,NA,NA,NA,NA,NA,NA,NA,NA,NA,NA,1964.405480541,1967.404168685,NA,NA,NA,NA,NA,NA,NA,NA,"","","",1997.486083663,1999.478915856,NA,NA,NA,"",NA,"",NA,NA,NA,NA,NA,NA,NA,NA,NA,NA,NA,NA,NA,NA,NA,NA,NA,NA,NA,NA,NA,1967.404187954,1967.497008706,1967.497008706,1967.497008706,1967.47022521567,1997.495358776,1997.495358776,1997.495358776,1997.485578146,"['j']","[1.4673021910002717]","[None]",NA,NA,NA,NA,NA,NA,"",NA,"",NA,NA,NA,NA,NA,NA,NA,NA,NA,NA,NA,NA,NA,NA,NA,NA,NA,NA,NA,NA,NA,NA,"",NA,NA,NA,NA,1,1,1,1,"2024-01-18_11h34.09.566","VR_setting","2023.2.3",NA,"2024-01-18 11h34.20.546445 +0100",NA
"","","audio/white.wav.wav","",NA,"images/MAM11NES.png","images/MAM11HAS.png",0,0,NA,NA,NA,NA,NA,NA,NA,NA,NA,NA,NA,NA,NA,NA,NA,NA,NA,NA,NA,NA,NA,NA,NA,NA,NA,NA,NA,NA,NA,NA,NA,NA,NA,NA,NA,NA,NA,NA,NA,NA,NA,NA,NA,NA,NA,NA,NA,NA,NA,NA,NA,NA,NA,1,0,1,0,NA,NA,NA,NA,1,1,5,3,NA,NA,NA,NA,NA,NA,NA,NA,NA,NA,NA,NA,NA,NA,NA,NA,1999.48656666,NA,NA,NA,NA,NA,NA,NA,NA,NA,NA,NA,NA,NA,NA,NA,1999.479350635,2002.478200463,NA,NA,NA,NA,NA,NA,NA,NA,"","","",2032.526527158,2034.523154953,NA,NA,NA,"",NA,"",NA,NA,NA,NA,NA,NA,NA,NA,NA,NA,NA,NA,NA,NA,NA,NA,NA,NA,NA,NA,NA,2002.478221298,2002.542378446,2002.542378446,2002.542378446,2002.54425965567,2032.535992944,2032.535992944,2032.535992944,2032.526110052,"['k', 'j', 'k']","[1.5760043880000012, 8.536286097999891, 9.850722655000027]","[None, None, None]",NA,NA,NA,NA,NA,NA,"",NA,"",NA,NA,NA,NA,NA,NA,NA,NA,NA,NA,NA,NA,NA,NA,NA,NA,NA,NA,NA,NA,NA,NA,"",NA,NA,NA,NA,1,1,1,1,"2024-01-18_11h34.09.566","VR_setting","2023.2.3",NA,"2024-01-18 11h34.20.546445 +0100",NA
"","","audio/tri_5Hz_-6dBFS_31s.wav","",NA,"images/MAM11NES.png","images/MAM11HAS.png",1,5,NA,NA,NA,NA,NA,NA,NA,NA,NA,NA,NA,NA,NA,NA,NA,NA,NA,NA,NA,NA,NA,NA,NA,NA,NA,NA,NA,NA,NA,NA,NA,NA,NA,NA,NA,NA,NA,NA,NA,NA,NA,NA,NA,NA,NA,NA,NA,NA,NA,NA,NA,NA,NA,1,0,1,0,NA,NA,NA,NA,1,2,6,1,NA,NA,NA,NA,NA,NA,NA,NA,NA,NA,NA,NA,NA,NA,NA,NA,2034.532504058,NA,NA,NA,NA,NA,NA,NA,NA,NA,NA,NA,NA,NA,NA,NA,2034.523700293,2037.519063215,NA,NA,NA,NA,NA,NA,NA,NA,"","","",2067.577987842,2069.57696495,NA,NA,NA,"",NA,"",NA,NA,NA,NA,NA,NA,NA,NA,NA,NA,NA,NA,NA,NA,NA,NA,NA,NA,NA,NA,NA,2037.519083678,2037.585912473,2037.585912473,2037.585912473,2037.58488124567,2067.584459563,2067.584459563,2067.584459563,2067.577434155,"['j', 'k', 'j', 'k', 'j', 'k', 'j', 'k', 'j']","[2.0013611780000247, 2.9653485899998486, 4.647226385999602, 8.771717223999985, 12.01344320999965, 12.859869225000011, 20.19453719499984, 23.662029253999435, 28.649339503999954]","[None, None, None, None, None, None, None, None, None]",NA,NA,NA,NA,NA,NA,"",NA,"",NA,NA,NA,NA,NA,NA,NA,NA,NA,NA,NA,NA,NA,NA,NA,NA,NA,NA,NA,NA,NA,NA,"",NA,NA,NA,NA,1,1,1,1,"2024-01-18_11h34.09.566","VR_setting","2023.2.3",NA,"2024-01-18 11h34.20.546445 +0100",NA
"","","audio/tri_5Hz_-6dBFS_31s.wav","",NA,"images/MAM11HAS.png","images/MAM11NES.png",1,5,NA,NA,NA,NA,NA,NA,NA,NA,NA,NA,NA,NA,NA,NA,NA,NA,NA,NA,NA,NA,NA,NA,NA,NA,NA,NA,NA,NA,NA,NA,NA,NA,NA,NA,NA,NA,NA,NA,NA,NA,NA,NA,NA,NA,NA,NA,NA,NA,NA,NA,NA,NA,NA,1,0,1,0,NA,NA,NA,NA,1,3,7,0,NA,NA,NA,NA,NA,NA,NA,NA,NA,NA,NA,NA,NA,NA,NA,NA,2069.584220253,NA,NA,NA,NA,NA,NA,NA,NA,NA,NA,NA,NA,NA,NA,NA,2069.57737454,2072.576242177,NA,NA,NA,NA,NA,NA,NA,NA,"","","",2102.635074472,2104.634079881,NA,NA,NA,"",NA,"",NA,NA,NA,NA,NA,NA,NA,NA,NA,NA,NA,NA,NA,NA,NA,NA,NA,NA,NA,NA,NA,2072.576260819,2072.64347305,2072.64347305,2072.64347305,2072.64231635567,2102.641108129,2102.641108129,2102.641108129,2102.634621389,"['j', 'k', 'j', 'k', 'j']","[1.6034232290003274, 7.338150950000454, 9.23080486300023, 22.385080689999995, 24.013991817000715]","[None, None, None, None, None]",NA,NA,NA,NA,NA,NA,"",NA,"",NA,NA,NA,NA,NA,NA,NA,NA,NA,NA,NA,NA,NA,NA,NA,NA,NA,NA,NA,NA,NA,NA,"",NA,NA,NA,NA,1,1,1,1,"2024-01-18_11h34.09.566","VR_setting","2023.2.3",NA,"2024-01-18 11h34.20.546445 +0100",NA
"","","audio/tri_5Hz_-6dBFS_31s.wav","",NA,"images/MAM11NES.png","images/MAM11HAS.png",1,5,NA,NA,NA,NA,NA,NA,NA,NA,NA,NA,NA,NA,NA,NA,NA,NA,NA,NA,NA,NA,NA,NA,NA,NA,NA,NA,NA,NA,NA,NA,NA,NA,NA,NA,NA,NA,NA,NA,NA,NA,NA,NA,NA,NA,NA,NA,NA,NA,NA,NA,NA,NA,NA,1,0,1,0,NA,NA,NA,NA,2,0,8,1,NA,NA,NA,NA,NA,NA,NA,NA,NA,NA,NA,NA,NA,NA,NA,NA,2104.641997278,NA,NA,NA,NA,NA,NA,NA,NA,NA,NA,NA,NA,NA,NA,NA,2104.634455184,2107.633389404,NA,NA,NA,NA,NA,NA,NA,NA,"","","",2137.683140537,2139.674943191,NA,NA,NA,"",NA,"",NA,NA,NA,NA,NA,NA,NA,NA,NA,NA,NA,NA,NA,NA,NA,NA,NA,NA,NA,NA,NA,2107.6334098,2107.69444983,2107.69444983,2107.69444983,2107.69943982267,2137.691236247,2137.691236247,2137.691236247,2137.682678209,"['k', 'j', 'k', 'j', 'k']","[1.6215871629992762, 12.068407171999752, 14.039458888999434, 20.628391155999452, 21.984809427999608]","[None, None, None, None, None]",NA,NA,NA,NA,NA,NA,"",NA,"",NA,NA,NA,NA,NA,NA,NA,NA,NA,NA,NA,NA,NA,NA,NA,NA,NA,NA,NA,NA,NA,NA,"",NA,NA,NA,NA,1,1,1,1,"2024-01-18_11h34.09.566","VR_setting","2023.2.3",NA,"2024-01-18 11h34.20.546445 +0100",NA
"","","audio/white.wav.wav","",NA,"images/MAM11HAS.png","images/MAM11NES.png",0,0,NA,NA,NA,NA,NA,NA,NA,NA,NA,NA,NA,NA,NA,NA,NA,NA,NA,NA,NA,NA,NA,NA,NA,NA,NA,NA,NA,NA,NA,NA,NA,NA,NA,NA,NA,NA,NA,NA,NA,NA,NA,NA,NA,NA,NA,NA,NA,NA,NA,NA,NA,NA,NA,1,0,1,0,NA,NA,NA,NA,2,1,9,2,NA,NA,NA,NA,NA,NA,NA,NA,NA,NA,NA,NA,NA,NA,NA,NA,2139.682664606,NA,NA,NA,NA,NA,NA,NA,NA,NA,NA,NA,NA,NA,NA,NA,2139.675362132,2142.673884314,NA,NA,NA,NA,NA,NA,NA,NA,"","","",2172.738777799,2174.731901318,NA,NA,NA,"",NA,"",NA,NA,NA,NA,NA,NA,NA,NA,NA,NA,NA,NA,NA,NA,NA,NA,NA,NA,NA,NA,NA,2142.673908559,2142.753072781,2142.753072781,2142.753072781,2142.73976642667,2172.748226669,2172.748226669,2172.748226669,2172.73825083,"['j', 'l', 'k', 'j', 'k', 'j']","[1.3548743259998446, 6.175441995000256, 8.895135308000135, 11.948133513999892, 19.33123452900054, 25.459558563000428]","[None, None, None, None, None, None]",NA,NA,NA,NA,NA,NA,"",NA,"",NA,NA,NA,NA,NA,NA,NA,NA,NA,NA,NA,NA,NA,NA,NA,NA,NA,NA,NA,NA,NA,NA,"",NA,NA,NA,NA,1,1,1,1,"2024-01-18_11h34.09.566","VR_setting","2023.2.3",NA,"2024-01-18 11h34.20.546445 +0100",NA
"","","audio/white.wav.wav","",NA,"images/MAM11NES.png","images/MAM11HAS.png",0,0,NA,NA,NA,NA,NA,NA,NA,NA,NA,NA,NA,NA,NA,NA,NA,NA,NA,NA,NA,NA,NA,NA,NA,NA,NA,NA,NA,NA,NA,NA,NA,NA,NA,NA,NA,NA,NA,NA,NA,NA,NA,NA,NA,NA,NA,NA,NA,NA,NA,NA,NA,NA,NA,1,0,1,0,NA,NA,NA,NA,2,2,10,3,NA,NA,NA,NA,NA,NA,NA,NA,NA,NA,NA,NA,NA,NA,NA,NA,2174.738802959,NA,NA,NA,NA,NA,NA,NA,NA,NA,NA,NA,NA,NA,NA,NA,2174.732299785,2177.730980851,NA,NA,NA,NA,NA,NA,NA,NA,"","","",2207.790399105,2209.789283137,NA,NA,NA,"",NA,"",NA,NA,NA,NA,NA,NA,NA,NA,NA,NA,NA,NA,NA,NA,NA,NA,NA,NA,NA,NA,NA,2177.731002045,2177.799486634,2177.799486634,2177.799486634,2177.79696684567,2207.796804652,2207.796804652,2207.796804652,2207.789830606,"['k', 'j', 'k', 'j', 'k']","[1.3815010489997803, 9.60408302199994, 12.190335940000296, 20.952016229000037, 23.946173080000335]","[None, None, None, None, None]",NA,NA,NA,NA,NA,NA,"",NA,"",NA,NA,NA,NA,NA,NA,NA,NA,NA,NA,NA,NA,NA,NA,NA,NA,NA,NA,NA,NA,NA,NA,"",NA,NA,NA,NA,1,1,1,1,"2024-01-18_11h34.09.566","VR_setting","2023.2.3",NA,"2024-01-18 11h34.20.546445 +0100",NA
"","","audio/tri_5Hz_-6dBFS_31s.wav","",NA,"images/MAM11HAS.png","images/MAM11NES.png",1,5,NA,NA,NA,NA,NA,NA,NA,NA,NA,NA,NA,NA,NA,NA,NA,NA,NA,NA,NA,NA,NA,NA,NA,NA,NA,NA,NA,NA,NA,NA,NA,NA,NA,NA,NA,NA,NA,NA,NA,NA,NA,NA,NA,NA,NA,NA,NA,NA,NA,NA,NA,NA,NA,1,0,1,0,NA,NA,NA,NA,2,3,11,0,NA,NA,NA,NA,NA,NA,NA,NA,NA,NA,NA,NA,NA,NA,NA,NA,2209.796247222,NA,NA,NA,NA,NA,NA,NA,NA,NA,NA,NA,NA,NA,NA,NA,2209.789716886,2212.78841283,NA,NA,NA,NA,NA,NA,NA,NA,"","","",2242.864252076,2244.863064886,NA,NA,NA,"",NA,"",NA,NA,NA,NA,NA,NA,NA,NA,NA,NA,NA,NA,NA,NA,NA,NA,NA,NA,NA,NA,NA,2212.788433448,2212.875951884,2212.875951884,2212.875951884,2212.85429779167,2242.870405612,2242.870405612,2242.870405612,2242.863813255,"['j', 'k', 'j']","[1.063271314999838, 14.598045527000068, 18.14725322399954]","[None, None, None]",NA,NA,NA,NA,NA,NA,"",NA,"",NA,NA,NA,NA,NA,NA,NA,NA,NA,NA,NA,NA,NA,NA,NA,NA,NA,NA,NA,NA,NA,NA,"",NA,NA,NA,NA,1,1,1,1,"2024-01-18_11h34.09.566","VR_setting","2023.2.3",NA,"2024-01-18 11h34.20.546445 +0100",NA
"","","audio/white.wav.wav","",NA,"images/MAM11NES.png","images/MAM11NES.png",0,0,3,NA,NA,NA,NA,NA,NA,NA,NA,NA,NA,NA,NA,NA,NA,NA,NA,NA,NA,NA,NA,NA,NA,NA,NA,NA,NA,NA,NA,NA,NA,NA,NA,NA,NA,NA,NA,NA,NA,NA,NA,NA,NA,NA,NA,NA,NA,NA,NA,NA,NA,NA,NA,NA,NA,NA,NA,NA,NA,NA,NA,NA,NA,NA,NA,NA,NA,NA,NA,NA,NA,NA,NA,0,0,0,2,NA,NA,NA,NA,2265.927346577,NA,NA,NA,NA,NA,NA,NA,NA,NA,NA,NA,NA,NA,NA,NA,2265.916410353,2268.926391339,NA,NA,NA,NA,NA,NA,NA,NA,"","","",NA,NA,NA,NA,NA,"",NA,"",NA,NA,NA,NA,NA,NA,NA,NA,NA,NA,NA,NA,NA,NA,NA,NA,NA,NA,NA,NA,NA,NA,NA,NA,NA,NA,NA,NA,NA,NA,"","","",2244.872587473,2244.873153702,2244.873173648,2244.880712719,2244.880712719,2250.881438,"space",5.98767258799944,"None",NA,NA,NA,NA,NA,NA,NA,NA,NA,NA,NA,NA,2250.881968176,2264.558248612,2268.926419646,2269.023602674,2269.023602674,2269.023602674,2269.00845988533,2293.757727625,1,24.7295997820002,"None",NA,NA,NA,NA,1,1,1,1,"2024-01-18_11h34.09.566","VR_setting","2023.2.3",NA,"2024-01-18 11h34.20.546445 +0100",NA
"","","audio/tri_5Hz_-6dBFS_31s.wav","",NA,"images/MAM11BFI.png","images/MAM11BFI.png",1,5,1,NA,NA,NA,NA,NA,NA,NA,NA,NA,NA,NA,NA,NA,NA,NA,NA,NA,NA,NA,NA,NA,NA,NA,NA,NA,NA,NA,NA,NA,NA,NA,NA,NA,NA,NA,NA,NA,NA,NA,NA,NA,NA,NA,NA,NA,NA,NA,NA,NA,NA,NA,NA,NA,NA,NA,NA,NA,NA,NA,NA,NA,NA,NA,NA,NA,NA,NA,NA,NA,NA,NA,NA,0,1,1,3,NA,NA,NA,NA,2293.781687607,NA,NA,NA,NA,NA,NA,NA,NA,NA,NA,NA,NA,NA,NA,NA,2293.763161219,2296.766107461,NA,NA,NA,NA,NA,NA,NA,NA,"","","",NA,NA,NA,NA,NA,"",NA,"",NA,NA,NA,NA,NA,NA,NA,NA,NA,NA,NA,NA,NA,NA,NA,NA,NA,NA,NA,NA,NA,NA,NA,NA,NA,NA,NA,NA,NA,NA,"","","",NA,NA,NA,NA,NA,NA,"",NA,"",NA,NA,NA,NA,NA,NA,NA,NA,NA,NA,NA,NA,NA,NA,2296.766127227,2296.884013371,2296.884013371,2296.884013371,2296.84860717133,2302.476677165,3,5.58328191100009,"None",NA,NA,NA,NA,1,1,1,1,"2024-01-18_11h34.09.566","VR_setting","2023.2.3",NA,"2024-01-18 11h34.20.546445 +0100",NA
"","","audio/tri_5Hz_-6dBFS_31s.wav","",NA,"images/MAM11NES.png","images/MAM11NES.png",1,5,3,NA,NA,NA,NA,NA,NA,NA,NA,NA,NA,NA,NA,NA,NA,NA,NA,NA,NA,NA,NA,NA,NA,NA,NA,NA,NA,NA,NA,NA,NA,NA,NA,NA,NA,NA,NA,NA,NA,NA,NA,NA,NA,NA,NA,NA,NA,NA,NA,NA,NA,NA,NA,NA,NA,NA,NA,NA,NA,NA,NA,NA,NA,NA,NA,NA,NA,NA,NA,NA,NA,NA,NA,0,2,2,5,NA,NA,NA,NA,2302.494654328,NA,NA,NA,NA,NA,NA,NA,NA,NA,NA,NA,NA,NA,NA,NA,2302.482181827,2305.480218934,NA,NA,NA,NA,NA,NA,NA,NA,"","","",NA,NA,NA,NA,NA,"",NA,"",NA,NA,NA,NA,NA,NA,NA,NA,NA,NA,NA,NA,NA,NA,NA,NA,NA,NA,NA,NA,NA,NA,NA,NA,NA,NA,NA,NA,NA,NA,"","","",NA,NA,NA,NA,NA,NA,"",NA,"",NA,NA,NA,NA,NA,NA,NA,NA,NA,NA,NA,NA,NA,NA,2305.480262563,2305.582767587,2305.582767587,2305.582767587,2305.54633879967,2308.463216057,1,2.87607276000017,"None",NA,NA,NA,NA,1,1,1,1,"2024-01-18_11h34.09.566","VR_setting","2023.2.3",NA,"2024-01-18 11h34.20.546445 +0100",NA
"","","audio/tri_5Hz_-6dBFS_31s.wav","",NA,"images/MAM11HAS.png","images/MAM11HAS.png",1,5,2,NA,NA,NA,NA,NA,NA,NA,NA,NA,NA,NA,NA,NA,NA,NA,NA,NA,NA,NA,NA,NA,NA,NA,NA,NA,NA,NA,NA,NA,NA,NA,NA,NA,NA,NA,NA,NA,NA,NA,NA,NA,NA,NA,NA,NA,NA,NA,NA,NA,NA,NA,NA,NA,NA,NA,NA,NA,NA,NA,NA,NA,NA,NA,NA,NA,NA,NA,NA,NA,NA,NA,NA,0,3,3,4,NA,NA,NA,NA,2308.476994515,NA,NA,NA,NA,NA,NA,NA,NA,NA,NA,NA,NA,NA,NA,NA,2308.468585159,2311.462043466,NA,NA,NA,NA,NA,NA,NA,NA,"","","",NA,NA,NA,NA,NA,"",NA,"",NA,NA,NA,NA,NA,NA,NA,NA,NA,NA,NA,NA,NA,NA,NA,NA,NA,NA,NA,NA,NA,NA,NA,NA,NA,NA,NA,NA,NA,NA,"","","",NA,NA,NA,NA,NA,NA,"",NA,"",NA,NA,NA,NA,NA,NA,NA,NA,NA,NA,NA,NA,NA,NA,2311.462063074,2311.569011688,2311.569011688,2311.569011688,2311.52805396267,2315.435457303,3,3.86089383400031,"None",NA,NA,NA,NA,1,1,1,1,"2024-01-18_11h34.09.566","VR_setting","2023.2.3",NA,"2024-01-18 11h34.20.546445 +0100",NA
"","","audio/white.wav.wav","",NA,"images/MAM11BFI.png","images/MAM11BFI.png",0,0,1,NA,NA,NA,NA,NA,NA,NA,NA,NA,NA,NA,NA,NA,NA,NA,NA,NA,NA,NA,NA,NA,NA,NA,NA,NA,NA,NA,NA,NA,NA,NA,NA,NA,NA,NA,NA,NA,NA,NA,NA,NA,NA,NA,NA,NA,NA,NA,NA,NA,NA,NA,NA,NA,NA,NA,NA,NA,NA,NA,NA,NA,NA,NA,NA,NA,NA,NA,NA,NA,NA,NA,NA,0,4,4,0,NA,NA,NA,NA,2315.450630469,NA,NA,NA,NA,NA,NA,NA,NA,NA,NA,NA,NA,NA,NA,NA,2315.44071869,2318.442878955,NA,NA,NA,NA,NA,NA,NA,NA,"","","",NA,NA,NA,NA,NA,"",NA,"",NA,NA,NA,NA,NA,NA,NA,NA,NA,NA,NA,NA,NA,NA,NA,NA,NA,NA,NA,NA,NA,NA,NA,NA,NA,NA,NA,NA,NA,NA,"","","",NA,NA,NA,NA,NA,NA,"",NA,"",NA,NA,NA,NA,NA,NA,NA,NA,NA,NA,NA,NA,NA,NA,2318.442899197,2318.528350143,2318.528350143,2318.528350143,2318.50860362867,2321.47660609,3,2.93784275500002,"None",NA,NA,NA,NA,1,1,1,1,"2024-01-18_11h34.09.566","VR_setting","2023.2.3",NA,"2024-01-18 11h34.20.546445 +0100",NA
"","","audio/white.wav.wav","",NA,"images/MAM11HAS.png","images/MAM11HAS.png",0,0,2,NA,NA,NA,NA,NA,NA,NA,NA,NA,NA,NA,NA,NA,NA,NA,NA,NA,NA,NA,NA,NA,NA,NA,NA,NA,NA,NA,NA,NA,NA,NA,NA,NA,NA,NA,NA,NA,NA,NA,NA,NA,NA,NA,NA,NA,NA,NA,NA,NA,NA,NA,NA,NA,NA,NA,NA,NA,NA,NA,NA,NA,NA,NA,NA,NA,NA,NA,NA,NA,NA,NA,NA,0,5,5,1,NA,NA,NA,NA,2321.48794633,NA,NA,NA,NA,NA,NA,NA,NA,NA,NA,NA,NA,NA,NA,NA,2321.481600134,2324.47537818,NA,NA,NA,NA,NA,NA,NA,NA,"","","",NA,NA,NA,NA,NA,"",NA,"",NA,NA,NA,NA,NA,NA,NA,NA,NA,NA,NA,NA,NA,NA,NA,NA,NA,NA,NA,NA,NA,NA,NA,NA,NA,NA,NA,NA,NA,NA,"","","",NA,NA,NA,NA,NA,NA,"",NA,"",NA,NA,NA,NA,NA,NA,NA,NA,NA,NA,NA,NA,NA,NA,2324.47539721,2324.53700382,2324.53700382,2324.53700382,2324.524441893,2327.739935793,4,3.18777801000033,"None",NA,NA,NA,NA,1,1,1,1,"2024-01-18_11h34.09.566","VR_setting","2023.2.3",NA,"2024-01-18 11h34.20.546445 +0100",NA
"","","audio/white.wav.wav","",NA,"images/MAM11NES.png","images/MAM11NES.png",0,0,3,NA,NA,NA,NA,NA,NA,NA,NA,NA,NA,NA,NA,NA,NA,NA,NA,NA,NA,NA,NA,NA,NA,NA,NA,NA,NA,NA,NA,NA,NA,NA,NA,NA,NA,NA,NA,NA,NA,NA,NA,NA,NA,NA,NA,NA,NA,NA,NA,NA,NA,NA,NA,NA,NA,NA,NA,NA,NA,NA,NA,NA,NA,NA,NA,NA,NA,NA,NA,NA,NA,NA,NA,1,0,6,2,NA,NA,NA,NA,2327.753591541,NA,NA,NA,NA,NA,NA,NA,NA,NA,NA,NA,NA,NA,NA,NA,2327.74542571,2330.738289022,NA,NA,NA,NA,NA,NA,NA,NA,"","","",NA,NA,NA,NA,NA,"",NA,"",NA,NA,NA,NA,NA,NA,NA,NA,NA,NA,NA,NA,NA,NA,NA,NA,NA,NA,NA,NA,NA,NA,NA,NA,NA,NA,NA,NA,NA,NA,"","","",NA,NA,NA,NA,NA,NA,"",NA,"",NA,NA,NA,NA,NA,NA,NA,NA,NA,NA,NA,NA,NA,NA,2330.738386327,2330.834753477,2330.834753477,2330.834753477,2330.80349110567,2334.14593286,3,3.3085058329998,"None",NA,NA,NA,NA,1,1,1,1,"2024-01-18_11h34.09.566","VR_setting","2023.2.3",NA,"2024-01-18 11h34.20.546445 +0100",NA
"","","audio/tri_5Hz_-6dBFS_31s.wav","",NA,"images/MAM11NES.png","images/MAM11NES.png",1,5,3,NA,NA,NA,NA,NA,NA,NA,NA,NA,NA,NA,NA,NA,NA,NA,NA,NA,NA,NA,NA,NA,NA,NA,NA,NA,NA,NA,NA,NA,NA,NA,NA,NA,NA,NA,NA,NA,NA,NA,NA,NA,NA,NA,NA,NA,NA,NA,NA,NA,NA,NA,NA,NA,NA,NA,NA,NA,NA,NA,NA,NA,NA,NA,NA,NA,NA,NA,NA,NA,NA,NA,NA,1,1,7,5,NA,NA,NA,NA,2334.161003313,NA,NA,NA,NA,NA,NA,NA,NA,NA,NA,NA,NA,NA,NA,NA,2334.151081492,2337.161898034,NA,NA,NA,NA,NA,NA,NA,NA,"","","",NA,NA,NA,NA,NA,"",NA,"",NA,NA,NA,NA,NA,NA,NA,NA,NA,NA,NA,NA,NA,NA,NA,NA,NA,NA,NA,NA,NA,NA,NA,NA,NA,NA,NA,NA,NA,NA,"","","",NA,NA,NA,NA,NA,NA,"",NA,"",NA,NA,NA,NA,NA,NA,NA,NA,NA,NA,NA,NA,NA,NA,2337.161919717,2337.247210203,2337.247210203,2337.247210203,2337.22791119067,2339.971620719,3,2.70610042800035,"None",NA,NA,NA,NA,1,1,1,1,"2024-01-18_11h34.09.566","VR_setting","2023.2.3",NA,"2024-01-18 11h34.20.546445 +0100",NA
"","","audio/tri_5Hz_-6dBFS_31s.wav","",NA,"images/MAM11HAS.png","images/MAM11HAS.png",1,5,2,NA,NA,NA,NA,NA,NA,NA,NA,NA,NA,NA,NA,NA,NA,NA,NA,NA,NA,NA,NA,NA,NA,NA,NA,NA,NA,NA,NA,NA,NA,NA,NA,NA,NA,NA,NA,NA,NA,NA,NA,NA,NA,NA,NA,NA,NA,NA,NA,NA,NA,NA,NA,NA,NA,NA,NA,NA,NA,NA,NA,NA,NA,NA,NA,NA,NA,NA,NA,NA,NA,NA,NA,1,2,8,4,NA,NA,NA,NA,2339.984984105,NA,NA,NA,NA,NA,NA,NA,NA,NA,NA,NA,NA,NA,NA,NA,2339.976753799,2342.970191354,NA,NA,NA,NA,NA,NA,NA,NA,"","","",NA,NA,NA,NA,NA,"",NA,"",NA,NA,NA,NA,NA,NA,NA,NA,NA,NA,NA,NA,NA,NA,NA,NA,NA,NA,NA,NA,NA,NA,NA,NA,NA,NA,NA,NA,NA,NA,"","","",NA,NA,NA,NA,NA,NA,"",NA,"",NA,NA,NA,NA,NA,NA,NA,NA,NA,NA,NA,NA,NA,NA,2342.970210658,2343.081971592,2343.081971592,2343.081971592,2343.05292151333,2353.390965761,3,10.3072888910001,"None",NA,NA,NA,NA,1,1,1,1,"2024-01-18_11h34.09.566","VR_setting","2023.2.3",NA,"2024-01-18 11h34.20.546445 +0100",NA
"","","audio/white.wav.wav","",NA,"images/MAM11BFI.png","images/MAM11BFI.png",0,0,1,NA,NA,NA,NA,NA,NA,NA,NA,NA,NA,NA,NA,NA,NA,NA,NA,NA,NA,NA,NA,NA,NA,NA,NA,NA,NA,NA,NA,NA,NA,NA,NA,NA,NA,NA,NA,NA,NA,NA,NA,NA,NA,NA,NA,NA,NA,NA,NA,NA,NA,NA,NA,NA,NA,NA,NA,NA,NA,NA,NA,NA,NA,NA,NA,NA,NA,NA,NA,NA,NA,NA,NA,1,3,9,0,NA,NA,NA,NA,2353.453650971,NA,NA,NA,NA,NA,NA,NA,NA,NA,NA,NA,NA,NA,NA,NA,2353.396260601,2356.439089837,NA,NA,NA,NA,NA,NA,NA,NA,"","","",NA,NA,NA,NA,NA,"",NA,"",NA,NA,NA,NA,NA,NA,NA,NA,NA,NA,NA,NA,NA,NA,NA,NA,NA,NA,NA,NA,NA,NA,NA,NA,NA,NA,NA,NA,NA,NA,"","","",NA,NA,NA,NA,NA,NA,"",NA,"",NA,NA,NA,NA,NA,NA,NA,NA,NA,NA,NA,NA,NA,NA,2356.439109051,2356.524003823,2356.524003823,2356.524003823,2356.50495605867,2360.135451703,2,3.60162220199982,"None",NA,NA,NA,NA,1,1,1,1,"2024-01-18_11h34.09.566","VR_setting","2023.2.3",NA,"2024-01-18 11h34.20.546445 +0100",NA
"","","audio/tri_5Hz_-6dBFS_31s.wav","",NA,"images/MAM11BFI.png","images/MAM11BFI.png",1,5,1,NA,NA,NA,NA,NA,NA,NA,NA,NA,NA,NA,NA,NA,NA,NA,NA,NA,NA,NA,NA,NA,NA,NA,NA,NA,NA,NA,NA,NA,NA,NA,NA,NA,NA,NA,NA,NA,NA,NA,NA,NA,NA,NA,NA,NA,NA,NA,NA,NA,NA,NA,NA,NA,NA,NA,NA,NA,NA,NA,NA,NA,NA,NA,NA,NA,NA,NA,NA,NA,NA,NA,NA,1,4,10,3,NA,NA,NA,NA,2360.16053996,NA,NA,NA,NA,NA,NA,NA,NA,NA,NA,NA,NA,NA,NA,NA,2360.140903925,2363.148220978,NA,NA,NA,NA,NA,NA,NA,NA,"","","",NA,NA,NA,NA,NA,"",NA,"",NA,NA,NA,NA,NA,NA,NA,NA,NA,NA,NA,NA,NA,NA,NA,NA,NA,NA,NA,NA,NA,NA,NA,NA,NA,NA,NA,NA,NA,NA,"","","",NA,NA,NA,NA,NA,NA,"",NA,"",NA,NA,NA,NA,NA,NA,NA,NA,NA,NA,NA,NA,NA,NA,2363.148239432,2363.205811453,2363.205811453,2363.205811453,2363.197427522,2365.470737274,2,2.26261140899987,"None",NA,NA,NA,NA,1,1,1,1,"2024-01-18_11h34.09.566","VR_setting","2023.2.3",NA,"2024-01-18 11h34.20.546445 +0100",NA
"","","audio/white.wav.wav","",NA,"images/MAM11HAS.png","images/MAM11HAS.png",0,0,2,NA,NA,NA,NA,NA,NA,NA,NA,NA,NA,NA,NA,NA,NA,NA,NA,NA,NA,NA,NA,NA,NA,NA,NA,NA,NA,NA,NA,NA,NA,NA,NA,NA,NA,NA,NA,NA,NA,NA,NA,NA,NA,NA,NA,NA,NA,NA,NA,NA,NA,NA,NA,NA,NA,NA,NA,NA,NA,NA,NA,NA,NA,NA,NA,NA,NA,NA,NA,NA,NA,NA,NA,1,5,11,1,NA,NA,NA,NA,2365.485334936,NA,NA,NA,NA,NA,NA,NA,NA,NA,NA,NA,NA,NA,NA,NA,2365.475740753,2368.469374424,NA,NA,NA,NA,NA,NA,NA,NA,"","","",NA,NA,NA,NA,NA,"",NA,"",NA,NA,NA,NA,NA,NA,NA,NA,NA,NA,NA,NA,NA,NA,NA,NA,NA,NA,NA,NA,NA,NA,NA,NA,NA,NA,NA,NA,NA,NA,"","","",NA,NA,NA,NA,NA,NA,"",NA,"",NA,NA,NA,NA,NA,NA,NA,NA,NA,NA,NA,NA,NA,NA,2368.469395196,2368.555047008,2368.555047008,2368.555047008,2368.53500374167,2370.786391279,3,2.22842289800064,"None",NA,NA,NA,NA,1,1,1,1,"2024-01-18_11h34.09.566","VR_setting","2023.2.3",NA,"2024-01-18 11h34.20.546445 +0100",NA
"","","audio/white.wav.wav","",NA,"images/MAM11HAS.png","images/MAM11HAS.png",0,0,2,NA,NA,NA,NA,NA,NA,NA,NA,NA,NA,NA,NA,NA,NA,NA,NA,NA,NA,NA,NA,NA,NA,NA,NA,NA,NA,NA,NA,NA,NA,NA,NA,NA,NA,NA,NA,NA,NA,NA,NA,NA,NA,NA,NA,NA,NA,NA,NA,NA,NA,NA,NA,NA,NA,NA,NA,NA,NA,NA,NA,NA,NA,NA,NA,NA,NA,NA,NA,NA,NA,NA,NA,NA,NA,NA,NA,0,0,0,1,2418.669626814,NA,NA,NA,NA,NA,NA,NA,NA,NA,NA,NA,NA,NA,NA,NA,2418.636941118,2421.654770249,NA,NA,NA,NA,NA,NA,NA,NA,"","","",NA,NA,NA,NA,NA,"",NA,"",NA,NA,NA,NA,NA,NA,NA,NA,NA,NA,NA,NA,NA,NA,NA,NA,NA,NA,NA,NA,NA,NA,NA,NA,NA,NA,NA,NA,NA,NA,"","","",NA,NA,NA,NA,NA,NA,"",NA,"",NA,NA,NA,NA,NA,NA,NA,NA,NA,NA,NA,NA,NA,NA,2421.654790044,2421.736236324,2421.736236324,2421.736236324,2421.703849112,2424.698923268,6,2.9570881919999,"None",2370.791190285,2418.625910215,NA,NA,1,1,1,1,"2024-01-18_11h34.09.566","VR_setting","2023.2.3",NA,"2024-01-18 11h34.20.546445 +0100",NA
"","","audio/tri_5Hz_-6dBFS_31s.wav","",NA,"images/MAM11HAS.png","images/MAM11HAS.png",1,5,2,NA,NA,NA,NA,NA,NA,NA,NA,NA,NA,NA,NA,NA,NA,NA,NA,NA,NA,NA,NA,NA,NA,NA,NA,NA,NA,NA,NA,NA,NA,NA,NA,NA,NA,NA,NA,NA,NA,NA,NA,NA,NA,NA,NA,NA,NA,NA,NA,NA,NA,NA,NA,NA,NA,NA,NA,NA,NA,NA,NA,NA,NA,NA,NA,NA,NA,NA,NA,NA,NA,NA,NA,NA,NA,NA,NA,0,1,1,4,2424.726845732,NA,NA,NA,NA,NA,NA,NA,NA,NA,NA,NA,NA,NA,NA,NA,2424.704418878,2427.714055786,NA,NA,NA,NA,NA,NA,NA,NA,"","","",NA,NA,NA,NA,NA,"",NA,"",NA,NA,NA,NA,NA,NA,NA,NA,NA,NA,NA,NA,NA,NA,NA,NA,NA,NA,NA,NA,NA,NA,NA,NA,NA,NA,NA,NA,NA,NA,"","","",NA,NA,NA,NA,NA,NA,"",NA,"",NA,NA,NA,NA,NA,NA,NA,NA,NA,NA,NA,NA,NA,NA,2427.714074599,2427.799512728,2427.799512728,2427.799512728,2427.78009174767,2431.221388209,5,3.40529896799944,"None",NA,NA,NA,NA,1,1,1,1,"2024-01-18_11h34.09.566","VR_setting","2023.2.3",NA,"2024-01-18 11h34.20.546445 +0100",NA
"","","audio/tri_5Hz_-6dBFS_31s.wav","",NA,"images/MAM11NES.png","images/MAM11NES.png",1,5,3,NA,NA,NA,NA,NA,NA,NA,NA,NA,NA,NA,NA,NA,NA,NA,NA,NA,NA,NA,NA,NA,NA,NA,NA,NA,NA,NA,NA,NA,NA,NA,NA,NA,NA,NA,NA,NA,NA,NA,NA,NA,NA,NA,NA,NA,NA,NA,NA,NA,NA,NA,NA,NA,NA,NA,NA,NA,NA,NA,NA,NA,NA,NA,NA,NA,NA,NA,NA,NA,NA,NA,NA,NA,NA,NA,NA,0,2,2,5,2431.240459234,NA,NA,NA,NA,NA,NA,NA,NA,NA,NA,NA,NA,NA,NA,NA,2431.227067153,2434.229246948,NA,NA,NA,NA,NA,NA,NA,NA,"","","",NA,NA,NA,NA,NA,"",NA,"",NA,NA,NA,NA,NA,NA,NA,NA,NA,NA,NA,NA,NA,NA,NA,NA,NA,NA,NA,NA,NA,NA,NA,NA,NA,NA,NA,NA,NA,NA,"","","",NA,NA,NA,NA,NA,NA,"",NA,"",NA,NA,NA,NA,NA,NA,NA,NA,NA,NA,NA,NA,NA,NA,2434.229266079,2434.343579204,2434.343579204,2434.343579204,2434.31179858633,2437.379128973,2,3.02572155100006,"None",NA,NA,NA,NA,1,1,1,1,"2024-01-18_11h34.09.566","VR_setting","2023.2.3",NA,"2024-01-18 11h34.20.546445 +0100",NA
"","","audio/white.wav.wav","",NA,"images/MAM11BFI.png","images/MAM11BFI.png",0,0,1,NA,NA,NA,NA,NA,NA,NA,NA,NA,NA,NA,NA,NA,NA,NA,NA,NA,NA,NA,NA,NA,NA,NA,NA,NA,NA,NA,NA,NA,NA,NA,NA,NA,NA,NA,NA,NA,NA,NA,NA,NA,NA,NA,NA,NA,NA,NA,NA,NA,NA,NA,NA,NA,NA,NA,NA,NA,NA,NA,NA,NA,NA,NA,NA,NA,NA,NA,NA,NA,NA,NA,NA,NA,NA,NA,NA,0,3,3,0,2437.390580654,NA,NA,NA,NA,NA,NA,NA,NA,NA,NA,NA,NA,NA,NA,NA,2437.38435833,2440.377289841,NA,NA,NA,NA,NA,NA,NA,NA,"","","",NA,NA,NA,NA,NA,"",NA,"",NA,NA,NA,NA,NA,NA,NA,NA,NA,NA,NA,NA,NA,NA,NA,NA,NA,NA,NA,NA,NA,NA,NA,NA,NA,NA,NA,NA,NA,NA,"","","",NA,NA,NA,NA,NA,NA,"",NA,"",NA,NA,NA,NA,NA,NA,NA,NA,NA,NA,NA,NA,NA,NA,2440.377308095,2440.480022777,2440.480022777,2440.480022777,2440.426659692,2442.811418589,1,2.32894009200027,"None",NA,NA,NA,NA,1,1,1,1,"2024-01-18_11h34.09.566","VR_setting","2023.2.3",NA,"2024-01-18 11h34.20.546445 +0100",NA
"","","audio/tri_5Hz_-6dBFS_31s.wav","",NA,"images/MAM11BFI.png","images/MAM11BFI.png",1,5,1,NA,NA,NA,NA,NA,NA,NA,NA,NA,NA,NA,NA,NA,NA,NA,NA,NA,NA,NA,NA,NA,NA,NA,NA,NA,NA,NA,NA,NA,NA,NA,NA,NA,NA,NA,NA,NA,NA,NA,NA,NA,NA,NA,NA,NA,NA,NA,NA,NA,NA,NA,NA,NA,NA,NA,NA,NA,NA,NA,NA,NA,NA,NA,NA,NA,NA,NA,NA,NA,NA,NA,NA,NA,NA,NA,NA,0,4,4,3,2442.825149642,NA,NA,NA,NA,NA,NA,NA,NA,NA,NA,NA,NA,NA,NA,NA,2442.816462492,2445.858481266,NA,NA,NA,NA,NA,NA,NA,NA,"","","",NA,NA,NA,NA,NA,"",NA,"",NA,NA,NA,NA,NA,NA,NA,NA,NA,NA,NA,NA,NA,NA,NA,NA,NA,NA,NA,NA,NA,NA,NA,NA,NA,NA,NA,NA,NA,NA,"","","",NA,NA,NA,NA,NA,NA,"",NA,"",NA,NA,NA,NA,NA,NA,NA,NA,NA,NA,NA,NA,NA,NA,2445.858533383,2445.941352079,2445.941352079,2445.941352079,2445.907693896,2447.759214015,1,1.8109270089999,"None",NA,NA,NA,NA,1,1,1,1,"2024-01-18_11h34.09.566","VR_setting","2023.2.3",NA,"2024-01-18 11h34.20.546445 +0100",NA
"","","audio/white.wav.wav","",NA,"images/MAM11NES.png","images/MAM11NES.png",0,0,3,NA,NA,NA,NA,NA,NA,NA,NA,NA,NA,NA,NA,NA,NA,NA,NA,NA,NA,NA,NA,NA,NA,NA,NA,NA,NA,NA,NA,NA,NA,NA,NA,NA,NA,NA,NA,NA,NA,NA,NA,NA,NA,NA,NA,NA,NA,NA,NA,NA,NA,NA,NA,NA,NA,NA,NA,NA,NA,NA,NA,NA,NA,NA,NA,NA,NA,NA,NA,NA,NA,NA,NA,NA,NA,NA,NA,0,5,5,2,2447.787751308,NA,NA,NA,NA,NA,NA,NA,NA,NA,NA,NA,NA,NA,NA,NA,2447.764562101,2450.774730106,NA,NA,NA,NA,NA,NA,NA,NA,"","","",NA,NA,NA,NA,NA,"",NA,"",NA,NA,NA,NA,NA,NA,NA,NA,NA,NA,NA,NA,NA,NA,NA,NA,NA,NA,NA,NA,NA,NA,NA,NA,NA,NA,NA,NA,NA,NA,"","","",NA,NA,NA,NA,NA,NA,"",NA,"",NA,NA,NA,NA,NA,NA,NA,NA,NA,NA,NA,NA,NA,NA,2450.774748696,2450.875079995,2450.875079995,2450.875079995,2450.824101104,2453.106670392,3,2.20522384300057,"None",NA,NA,NA,NA,1,1,1,1,"2024-01-18_11h34.09.566","VR_setting","2023.2.3",NA,"2024-01-18 11h34.20.546445 +0100",NA
"","","audio/white.wav.wav","",NA,"images/MAM11HAS.png","images/MAM11HAS.png",0,0,2,NA,NA,NA,NA,NA,NA,NA,NA,NA,NA,NA,NA,NA,NA,NA,NA,NA,NA,NA,NA,NA,NA,NA,NA,NA,NA,NA,NA,NA,NA,NA,NA,NA,NA,NA,NA,NA,NA,NA,NA,NA,NA,NA,NA,NA,NA,NA,NA,NA,NA,NA,NA,NA,NA,NA,NA,NA,NA,NA,NA,NA,NA,NA,NA,NA,NA,NA,NA,NA,NA,NA,NA,NA,NA,NA,NA,1,0,6,1,2453.11861938,NA,NA,NA,NA,NA,NA,NA,NA,NA,NA,NA,NA,NA,NA,NA,2453.111627688,2456.106631916,NA,NA,NA,NA,NA,NA,NA,NA,"","","",NA,NA,NA,NA,NA,"",NA,"",NA,NA,NA,NA,NA,NA,NA,NA,NA,NA,NA,NA,NA,NA,NA,NA,NA,NA,NA,NA,NA,NA,NA,NA,NA,NA,NA,NA,NA,NA,"","","",NA,NA,NA,NA,NA,NA,"",NA,"",NA,NA,NA,NA,NA,NA,NA,NA,NA,NA,NA,NA,NA,NA,2456.1066525,2456.190467519,2456.190467519,2456.190467519,2456.15602133,2458.689728987,5,2.48740802000066,"None",NA,NA,NA,NA,1,1,1,1,"2024-01-18_11h34.09.566","VR_setting","2023.2.3",NA,"2024-01-18 11h34.20.546445 +0100",NA
"","","audio/tri_5Hz_-6dBFS_31s.wav","",NA,"images/MAM11BFI.png","images/MAM11BFI.png",1,5,1,NA,NA,NA,NA,NA,NA,NA,NA,NA,NA,NA,NA,NA,NA,NA,NA,NA,NA,NA,NA,NA,NA,NA,NA,NA,NA,NA,NA,NA,NA,NA,NA,NA,NA,NA,NA,NA,NA,NA,NA,NA,NA,NA,NA,NA,NA,NA,NA,NA,NA,NA,NA,NA,NA,NA,NA,NA,NA,NA,NA,NA,NA,NA,NA,NA,NA,NA,NA,NA,NA,NA,NA,NA,NA,NA,NA,1,1,7,3,2458.716647473,NA,NA,NA,NA,NA,NA,NA,NA,NA,NA,NA,NA,NA,NA,NA,2458.694921135,2461.705116943,NA,NA,NA,NA,NA,NA,NA,NA,"","","",NA,NA,NA,NA,NA,"",NA,"",NA,NA,NA,NA,NA,NA,NA,NA,NA,NA,NA,NA,NA,NA,NA,NA,NA,NA,NA,NA,NA,NA,NA,NA,NA,NA,NA,NA,NA,NA,"","","",NA,NA,NA,NA,NA,NA,"",NA,"",NA,NA,NA,NA,NA,NA,NA,NA,NA,NA,NA,NA,NA,NA,2461.705135343,2461.787077172,2461.787077172,2461.787077172,2461.75451632,2463.955104608,2,2.15710676300023,"None",NA,NA,NA,NA,1,1,1,1,"2024-01-18_11h34.09.566","VR_setting","2023.2.3",NA,"2024-01-18 11h34.20.546445 +0100",NA
"","","audio/tri_5Hz_-6dBFS_31s.wav","",NA,"images/MAM11NES.png","images/MAM11NES.png",1,5,3,NA,NA,NA,NA,NA,NA,NA,NA,NA,NA,NA,NA,NA,NA,NA,NA,NA,NA,NA,NA,NA,NA,NA,NA,NA,NA,NA,NA,NA,NA,NA,NA,NA,NA,NA,NA,NA,NA,NA,NA,NA,NA,NA,NA,NA,NA,NA,NA,NA,NA,NA,NA,NA,NA,NA,NA,NA,NA,NA,NA,NA,NA,NA,NA,NA,NA,NA,NA,NA,NA,NA,NA,NA,NA,NA,NA,1,2,8,5,2463.966700853,NA,NA,NA,NA,NA,NA,NA,NA,NA,NA,NA,NA,NA,NA,NA,2463.96028994,2466.953701816,NA,NA,NA,NA,NA,NA,NA,NA,"","","",NA,NA,NA,NA,NA,"",NA,"",NA,NA,NA,NA,NA,NA,NA,NA,NA,NA,NA,NA,NA,NA,NA,NA,NA,NA,NA,NA,NA,NA,NA,NA,NA,NA,NA,NA,NA,NA,"","","",NA,NA,NA,NA,NA,NA,"",NA,"",NA,NA,NA,NA,NA,NA,NA,NA,NA,NA,NA,NA,NA,NA,2466.95372227,2467.051800641,2467.051800641,2467.051800641,2467.01977580767,2469.170909515,3,2.1169741700005,"None",NA,NA,NA,NA,1,1,1,1,"2024-01-18_11h34.09.566","VR_setting","2023.2.3",NA,"2024-01-18 11h34.20.546445 +0100",NA
"","","audio/white.wav.wav","",NA,"images/MAM11BFI.png","images/MAM11BFI.png",0,0,1,NA,NA,NA,NA,NA,NA,NA,NA,NA,NA,NA,NA,NA,NA,NA,NA,NA,NA,NA,NA,NA,NA,NA,NA,NA,NA,NA,NA,NA,NA,NA,NA,NA,NA,NA,NA,NA,NA,NA,NA,NA,NA,NA,NA,NA,NA,NA,NA,NA,NA,NA,NA,NA,NA,NA,NA,NA,NA,NA,NA,NA,NA,NA,NA,NA,NA,NA,NA,NA,NA,NA,NA,NA,NA,NA,NA,1,3,9,0,2469.184831249,NA,NA,NA,NA,NA,NA,NA,NA,NA,NA,NA,NA,NA,NA,NA,2469.176049486,2472.169022878,NA,NA,NA,NA,NA,NA,NA,NA,"","","",NA,NA,NA,NA,NA,"",NA,"",NA,NA,NA,NA,NA,NA,NA,NA,NA,NA,NA,NA,NA,NA,NA,NA,NA,NA,NA,NA,NA,NA,NA,NA,NA,NA,NA,NA,NA,NA,"","","",NA,NA,NA,NA,NA,NA,"",NA,"",NA,NA,NA,NA,NA,NA,NA,NA,NA,NA,NA,NA,NA,NA,2472.169043116,2472.276309978,2472.276309978,2472.276309978,2472.23503703167,2474.203052234,2,1.92504725399976,"None",NA,NA,NA,NA,1,1,1,1,"2024-01-18_11h34.09.566","VR_setting","2023.2.3",NA,"2024-01-18 11h34.20.546445 +0100",NA
"","","audio/tri_5Hz_-6dBFS_31s.wav","",NA,"images/MAM11HAS.png","images/MAM11HAS.png",1,5,2,NA,NA,NA,NA,NA,NA,NA,NA,NA,NA,NA,NA,NA,NA,NA,NA,NA,NA,NA,NA,NA,NA,NA,NA,NA,NA,NA,NA,NA,NA,NA,NA,NA,NA,NA,NA,NA,NA,NA,NA,NA,NA,NA,NA,NA,NA,NA,NA,NA,NA,NA,NA,NA,NA,NA,NA,NA,NA,NA,NA,NA,NA,NA,NA,NA,NA,NA,NA,NA,NA,NA,NA,NA,NA,NA,NA,1,4,10,4,2474.21685929,NA,NA,NA,NA,NA,NA,NA,NA,NA,NA,NA,NA,NA,NA,NA,2474.208228166,2477.200942394,NA,NA,NA,NA,NA,NA,NA,NA,"","","",NA,NA,NA,NA,NA,"",NA,"",NA,NA,NA,NA,NA,NA,NA,NA,NA,NA,NA,NA,NA,NA,NA,NA,NA,NA,NA,NA,NA,NA,NA,NA,NA,NA,NA,NA,NA,NA,"","","",NA,NA,NA,NA,NA,NA,"",NA,"",NA,NA,NA,NA,NA,NA,NA,NA,NA,NA,NA,NA,NA,NA,2477.200962773,2477.272825104,2477.272825104,2477.272825104,2477.26681735867,2479.408005318,6,2.13309579299948,"None",NA,NA,NA,NA,1,1,1,1,"2024-01-18_11h34.09.566","VR_setting","2023.2.3",NA,"2024-01-18 11h34.20.546445 +0100",NA
"","","audio/white.wav.wav","",NA,"images/MAM11NES.png","images/MAM11NES.png",0,0,3,NA,NA,NA,NA,NA,NA,NA,NA,NA,NA,NA,NA,NA,NA,NA,NA,NA,NA,NA,NA,NA,NA,NA,NA,NA,NA,NA,NA,NA,NA,NA,NA,NA,NA,NA,NA,NA,NA,NA,NA,NA,NA,NA,NA,NA,NA,NA,NA,NA,NA,NA,NA,NA,NA,NA,NA,NA,NA,NA,NA,NA,NA,NA,NA,NA,NA,NA,NA,NA,NA,NA,NA,NA,NA,NA,NA,1,5,11,2,2479.423530697,NA,NA,NA,NA,NA,NA,NA,NA,NA,NA,NA,NA,NA,NA,NA,2479.412944047,2482.40892432,NA,NA,NA,NA,NA,NA,NA,NA,"","","",NA,NA,NA,NA,NA,"",NA,"",NA,NA,NA,NA,NA,NA,NA,NA,NA,NA,NA,NA,NA,NA,NA,NA,NA,NA,NA,NA,NA,NA,NA,NA,NA,NA,NA,NA,NA,NA,"","","",NA,NA,NA,NA,NA,NA,"",NA,"",NA,NA,NA,NA,NA,NA,NA,NA,NA,NA,NA,NA,NA,NA,2482.40894419,2482.505425582,2482.505425582,2482.505425582,2482.47470630467,2485.216144742,4,2.70095868399949,"None",NA,NA,NA,NA,1,1,1,1,"2024-01-18_11h34.09.566","VR_setting","2023.2.3",NA,"2024-01-18 11h34.20.546445 +0100",NA
"","","","",NA,"","",NA,NA,NA,NA,NA,NA,NA,NA,NA,NA,NA,NA,NA,NA,NA,NA,NA,NA,NA,NA,NA,NA,NA,NA,NA,NA,NA,NA,NA,NA,NA,NA,NA,NA,NA,NA,NA,NA,NA,NA,NA,NA,NA,NA,NA,NA,NA,NA,NA,NA,NA,NA,NA,NA,NA,NA,NA,NA,NA,NA,NA,NA,NA,NA,NA,NA,NA,NA,NA,NA,NA,NA,NA,NA,NA,NA,NA,NA,NA,NA,NA,NA,NA,NA,NA,NA,NA,NA,NA,NA,NA,NA,NA,NA,NA,NA,NA,NA,NA,NA,NA,NA,NA,NA,NA,NA,NA,NA,NA,"","","",NA,NA,NA,NA,NA,"",NA,"",NA,NA,NA,NA,NA,NA,NA,NA,NA,NA,NA,NA,NA,NA,NA,NA,NA,NA,NA,NA,NA,NA,NA,NA,NA,NA,NA,NA,NA,NA,"","","",NA,NA,NA,NA,NA,NA,"",NA,"",NA,NA,NA,NA,NA,NA,NA,NA,NA,NA,NA,NA,NA,NA,NA,NA,NA,NA,NA,NA,NA,NA,"",NA,NA,2485.220781476,2487.654974948,NA,NA,NA,NA,"","","",NA,"",NA
